"match_map_id","player_id","total_kills","total_deaths","total_assists","kill_death_ratio","total_score","damage_dealt","highest_streak","untraded_deaths","traded_deaths","untraded_kills","traded_kills","tacticals_used","lethals_used","dead_silence_time","friendly_damage","distance_traveled","average_speed","control_tiers_captured","first_blood_kills","bombs_planted","bombs_defused","sneak_defuses","aces","hp_hill_time","hp_hill_time_contested","rotation_kills"
19542,44,28,26,4,1.08,3475,3296,5,22,4,21,7,14,17,98,81,62272.44141,177.7180328,,0,,,,0,30,0,5
19542,61,26,25,4,1.04,3395,2923,5,19,6,20,6,10,15,0,0,53249.88281,165.3721924,,0,,,,0,47,3,6
19542,361,17,26,9,0.65,4190,2434,2,18,8,11,6,17,9,64,0,48706.97266,150.5961761,,0,,,,0,139,1,3
19542,426,30,23,3,1.3,4050,3437,7,18,5,26,4,4,12,0,100,63735.86328,168.2657776,,0,,,,0,36,2,8
19543,44,8,5,0,1.6,900,1019,3,4,0,7,1,4,2,66,0,43788.76172,107.935463,,3,1,0,0,0,,,0
19543,61,6,5,1,1.2,700,572,2,3,1,3,2,5,5,0,0,37033.57422,94.02269745,,0,1,1,0,0,,,0
19543,361,5,4,3,1.25,550,774,3,2,2,4,0,8,8,40,0,33919.55469,89.41915894,,1,0,0,0,0,,,0
19543,426,9,4,0,2.25,700,1028,4,4,0,5,0,5,5,20,0,27742.99609,68.89718628,,2,2,0,0,0,,,0
19544,44,16,17,7,0.94,1825,2130,6,12,5,12,4,11,10,87,0,62680.04688,186.5697479,1,1,,,,0,,,0
19544,61,15,14,5,1.07,1975,1935,4,11,4,12,3,9,9,0,32,53873.06641,158.7332001,0,0,,,,0,,,0
19544,361,20,16,5,1.25,2425,2349,4,12,4,15,5,17,9,93,28,55588.67969,165.4142761,3,1,,,,0,,,0
19544,426,27,16,0,1.69,3025,2885,6,14,2,22,5,9,10,0,81,56340.56641,171.2595062,4,0,,,,0,,,0
19542,39,18,23,5,0.78,3625,2079,3,20,3,15,3,19,18,107,83,48636.96875,148.4894409,,0,,,,0,100,1,6
19542,50,25,32,7,0.78,4910,3220,6,24,8,17,8,7,9,0,0,58346.69141,177.3419647,,1,,,,0,121,5,4
19542,120,26,21,7,1.24,3500,3162,6,15,6,20,6,16,14,0,2,52920.83984,155.4314423,,0,,,,0,40,0,10
19542,262,31,25,5,1.24,3370,3454,8,19,6,25,6,8,9,55,17,68126.82813,198.122818,,0,,,,0,7,1,6
19543,39,4,8,0,0.5,500,560,2,5,0,3,1,4,3,47,0,36852.36719,88.47296143,,0,1,0,0,0,,,0
19543,50,6,7,1,0.86,625,816,4,6,1,5,0,4,3,45,0,38759.69141,96.10866547,,2,0,0,0,0,,,0
19543,120,3,7,1,0.43,450,614,1,5,0,2,1,6,4,15,0,39736.52734,103.6039505,,0,1,0,0,0,,,0
19543,262,5,6,1,0.83,625,440,4,3,2,3,1,4,3,58,0,39504.63672,103.4435272,,0,0,1,0,1,,,0
19544,39,12,20,3,0.6,1550,1679,4,18,2,8,4,17,15,170,40,59429.60938,191.1014252,5,0,,,,0,,,0
19544,50,19,24,7,0.79,2700,2193,4,17,7,14,5,9,7,0,39,68115.16406,202.0880432,5,0,,,,0,,,0
19544,120,13,15,3,0.87,1625,1506,3,11,4,11,3,13,11,0,0,53425.62891,169.6907654,6,1,,,,0,,,0
19544,262,19,19,6,1,2175,2322,5,15,4,16,3,6,7,107,28,72202.35156,216.0354614,0,0,,,,0,,,0
19567,39,27,18,11,1.5,3385,2828,6,10,8,19,8,15,13,108,200,57424.80859,183.3382111,,0,,,,0,26,0,3
19567,50,17,20,9,0.85,3910,2388,5,14,6,11,6,11,9,0,21,59966.95703,189.0212708,,0,,,,0,117,15,3
19567,120,17,16,7,1.06,3175,2017,3,10,6,14,3,17,13,0,58,61432.29688,192.1176605,,0,,,,0,71,8,1
19567,262,26,22,9,1.18,4505,2842,3,16,6,15,11,9,8,104,0,62699.23047,199.8625793,,1,,,,0,73,3,4
19568,39,3,8,1,0.38,325,587,1,7,1,3,0,9,5,40,0,42683.53125,79.29176331,,1,0,0,0,0,,,0
19568,50,8,6,2,1.33,775,1089,5,2,2,6,1,4,2,95,2,60273.15625,108.6973953,,1,0,0,0,0,,,0
19568,120,4,8,2,0.5,650,731,2,4,1,3,0,7,7,31,3,55647.58984,113.2804337,,0,3,0,0,0,,,0
19568,262,7,6,1,1.17,725,701,5,5,1,6,0,6,4,58,0,43723.19141,87.4671402,,0,0,1,0,1,,,0
19569,39,9,18,4,0.5,1275,1402,2,14,4,7,2,19,15,178,39,62130.76172,224.3136444,4,1,,,,0,,,0
19569,50,14,19,5,0.74,1925,2035,5,19,1,11,3,8,7,0,0,70430.35938,241.6740875,4,0,,,,0,,,0
19569,120,14,10,5,1.4,1775,1845,5,7,3,12,2,11,11,0,0,53185.14453,174.5653076,3,0,,,,0,,,0
19569,262,13,15,3,0.87,1575,1518,3,13,2,9,4,6,5,195,0,65001.13281,215.9999695,1,0,,,,0,,,0
19570,39,20,18,5,1.11,3040,2412,4,13,5,14,6,16,16,86,1,51451.88672,176.4165955,,0,,,,0,44,10,2
19570,50,17,20,4,0.85,3925,2003,6,17,3,15,2,8,5,0,3,60966.73438,190.4511261,,1,,,,0,110,3,3
19570,120,12,20,11,0.6,2565,1992,2,12,7,9,3,14,13,0,110,51039.71484,180.1365814,,0,,,,0,29,12,3
19570,262,18,22,5,0.82,2590,1884,4,17,5,14,4,4,3,79,0,53702.02344,185.2663879,,0,,,,0,34,7,1
19567,65,21,24,6,0.88,3130,2579,2,17,7,10,11,10,15,76,77,58253.35156,201.2091217,,0,,,,0,13,5,6
19567,264,20,18,4,1.11,2730,2147,4,13,5,14,6,13,12,0,13,47380.69922,155.7404327,,0,,,,0,33,5,2
19567,363,13,23,6,0.57,2345,1737,4,15,8,11,2,11,12,0,4,47366.22656,171.411087,,0,,,,0,47,7,2
19567,517,22,22,13,1,4735,2893,5,14,8,15,7,12,8,14,63,46439.90234,160.7452087,,0,,,,0,86,9,1
19568,65,9,7,1,1.29,875,1407,3,7,0,6,2,6,6,88,0,51998.02344,96.41109467,,4,0,0,0,0,,,0
19568,264,8,6,3,1.33,1050,1156,3,4,0,5,2,6,4,45,0,47055.75391,87.48880005,,2,1,1,0,0,,,0
19568,363,7,4,2,1.75,875,842,4,2,1,3,1,6,3,95,0,57016.28125,105.2058792,,0,2,0,0,0,,,0
19568,517,4,5,0,0.8,400,770,2,5,0,4,0,4,3,53,0,49643.34375,89.72592926,,1,0,0,0,0,,,0
19569,65,17,15,4,1.13,2050,2455,4,12,3,14,3,8,12,87,1,66189.74219,222.7483368,4,1,,,,0,,,0
19569,264,16,12,2,1.33,2075,2031,5,11,1,14,2,8,9,0,0,56074.26172,173.5780182,8,0,,,,0,,,0
19569,363,16,12,1,1.33,1800,1832,4,8,4,14,3,5,4,96,66,60285.15234,197.2707977,6,3,,,,0,,,0
19569,517,13,11,3,1.18,1550,1989,4,8,3,11,2,5,4,8,0,50102.02734,164.9496155,7,0,,,,0,,,0
19570,65,17,19,3,0.89,3485,2237,4,16,3,13,4,11,11,56,2,58415.32031,182.061615,,0,,,,0,87,6,5
19570,264,23,12,5,1.92,4100,2726,6,9,3,19,4,10,11,0,56,47594.01172,149.5222626,,0,,,,0,111,12,3
19570,363,18,17,8,1.06,3585,2561,5,14,3,11,7,10,9,0,81,51645.73047,161.642807,,0,,,,0,66,8,4
19570,517,21,19,4,1.11,3400,2566,4,13,6,16,5,3,4,41,79,48221.24609,163.3949432,,0,,,,0,60,11,5
19582,51,14,20,4,0.7,2515,1729,3,16,5,10,4,7,7,79,70,59714.90234,197.8598785,,0,,,,0,64,6,1
19582,112,14,17,10,0.82,2440,2569,5,13,5,11,3,13,9,0,72,44877.1875,161.9406738,,0,,,,0,9,0,2
19582,222,14,18,3,0.78,2260,1937,2,16,2,11,3,13,11,27,31,54948.61719,199.8786163,,0,,,,0,36,3,2
19582,266,21,25,1,0.84,3325,2128,4,21,4,12,9,13,10,0,33,60159.63672,205.7462311,,0,,,,0,35,6,4
19583,51,7,8,0,0.88,600,911,3,6,0,5,0,6,5,75,0,52815.21094,101.2060699,,0,1,0,0,0,,,0
19583,112,4,9,0,0.44,600,595,2,9,0,3,0,10,9,38,0,36367.10547,76.94515228,,2,0,1,0,0,,,0
19583,222,5,8,1,0.63,550,717,2,4,1,3,2,9,10,18,0,58018.01563,115.4986038,,0,0,0,0,0,,,0
19583,266,7,9,0,0.78,600,768,3,8,0,4,2,7,5,0,0,43992.75781,84.33403015,,0,0,0,0,0,,,0
19584,51,11,19,1,0.58,1325,1214,4,17,2,9,2,5,9,56,0,46390.21094,180.1821136,2,0,,,,0,,,0
19584,112,14,18,2,0.78,1600,2262,3,15,3,10,4,12,12,0,0,38130.78125,148.0148315,0,1,,,,0,,,0
19584,222,7,16,7,0.44,1225,1436,2,12,4,7,0,6,12,23,72,40542.10547,163.0424194,2,0,,,,0,,,0
19584,266,14,19,1,0.74,1525,1493,3,16,3,9,5,7,4,7,72,46674.11328,196.8049469,0,2,,,,0,,,0
19582,39,16,13,7,1.23,2445,2098,4,10,3,12,4,12,13,90,0,54570.30469,172.3716583,,1,,,,0,48,2,4
19582,50,21,20,7,1.05,4420,2769,5,15,5,19,4,13,11,0,31,54324.15625,190.3390503,,0,,,,0,113,4,5
19582,120,20,12,7,1.67,2855,2482,8,9,3,17,3,10,9,0,0,50076.56641,166.3394928,,0,,,,0,43,3,6
19582,262,23,18,5,1.28,3860,2442,3,10,8,18,5,8,6,174,66,58142.38281,182.9763641,,0,,,,0,61,6,4
19583,39,8,6,2,1.33,825,1198,3,4,0,7,0,10,10,100,1,50377.08203,99.73255157,,1,0,0,0,0,,,0
19583,50,12,5,4,2.4,1000,1452,7,3,1,9,1,9,8,100,0,48509.44922,98.98343658,,2,0,0,0,1,,,0
19583,120,7,5,1,1.4,625,885,3,4,0,6,0,8,11,7,20,54577.48828,104.4310379,,0,0,0,0,0,,,0
19583,262,7,7,3,1,875,856,2,4,3,5,0,6,4,49,0,50152.83594,86.14326477,,5,3,0,0,0,,,0
19584,39,17,13,5,1.31,2125,1961,5,10,3,14,3,13,10,84,10,44815.70313,172.7680511,0,0,,,,0,,,0
19584,50,18,13,6,1.38,2300,2219,5,11,2,14,4,10,7,0,37,42023.80078,160.7274933,6,0,,,,0,,,0
19584,120,19,7,7,2.71,2550,2290,6,7,0,17,2,10,9,0,53,33783.64453,129.1871796,5,0,,,,0,,,0
19584,262,18,13,6,1.38,2200,2290,4,7,6,15,3,6,7,55,71,48729.36719,184.9991455,1,0,,,,0,,,0
19602,54,23,24,12,0.96,,2916,0,,,18,5,,,,,,,,0,,,,0,118,7,3
19602,223,34,31,7,1.1,,3532,0,,,26,8,,,,,,,,0,,,,0,54,6,5
19602,227,26,25,4,1.04,,2936,0,,,22,4,,,,,,,,0,,,,0,72,7,5
19602,430,16,31,12,0.52,,2777,0,,,11,5,,,,,,,,1,,,,0,48,1,1
19603,54,11,5,4,2.2,1000,1780,6,2,0,6,3,10,11,0,0,31258.37305,70.47763824,,,0,0,0,,,,
19603,223,9,5,2,1.8,950,1141,6,4,1,7,1,9,10,35,1,33907.88281,79.22432709,,,1,0,0,,,,
19603,227,11,7,0,1.57,900,1273,4,7,0,7,2,9,5,47,0,31144.58594,71.39527893,,,0,0,0,,,,
19603,430,3,9,3,0.33,525,607,1,3,5,0,2,4,6,20,0,22373.60352,46.56056595,,,2,0,0,,,,
19604,54,27,22,8,1.23,3225,3624,7,17,5,21,6,23,24,0,160,55837.47656,147.4274292,4,0,,,,0,,,0
19604,223,27,29,7,0.93,3550,3334,5,21,8,19,8,10,20,53,1,83081.42969,213.0199432,4,1,,,,0,,,0
19604,227,21,27,12,0.78,2975,2864,4,21,6,15,6,8,20,0,32,58874.76953,146.8117371,0,0,,,,0,,,0
19604,430,25,28,7,0.89,3175,2958,6,22,6,19,6,15,16,107,0,69934.99219,181.5370636,2,0,,,,0,,,0
19605,54,18,23,3,0.78,2885,2423,4,19,4,12,6,22,20,0,0,64321.60938,181.024353,,0,,,,0,46,2,4
19605,223,24,29,5,0.83,3870,3128,3,21,8,15,9,16,19,70,0,79871.90625,219.1742706,,0,,,,0,37,1,5
19605,227,21,22,5,0.95,4325,2669,7,14,8,14,7,13,15,0,0,64313.03125,180.5314178,,0,,,,0,125,4,4
19605,430,32,20,9,1.6,4420,4155,5,13,7,22,10,9,13,99,0,74975.08594,196.2380829,,1,,,,0,22,0,4
19606,54,10,5,3,2,1025,1550,6,4,1,7,1,7,8,58,0,48431.72656,102.4465027,,2,1,0,0,0,,,0
19606,223,6,7,0,0.86,500,580,2,5,0,5,0,5,3,55,0,43346.28125,91.63928986,,2,0,0,0,0,,,0
19606,227,4,8,1,0.5,400,984,1,6,0,2,2,4,4,71,0,40854.36328,84.81159973,,0,0,0,0,0,,,0
19606,430,2,9,0,0.22,300,439,1,8,0,0,2,1,6,9,0,25390.58203,54.03391266,,1,1,0,0,0,,,0
19602,39,25,26,4,0.96,,2615,0,,,18,7,,,,,,,,0,,,,0,60,11,3
19602,50,31,28,9,1.11,,3912,0,,,21,10,,,,,,,,0,,,,0,51,5,4
19602,120,20,22,13,0.91,,2893,0,,,17,3,,,,,,,,0,,,,0,40,0,4
19602,262,35,23,4,1.52,,3780,0,,,28,7,,,,,,,,0,,,,0,80,8,10
19603,39,7,6,6,1.17,800,1218,3,4,1,5,1,11,11,87,5,42900.78516,92.127388,,,0,0,0,,,,
19603,50,4,10,2,0.4,725,605,1,5,2,4,0,10,6,35,30,37536.57813,80.11490631,,,1,1,1,,,,
19603,120,9,8,2,1.13,775,1171,5,5,1,6,1,11,11,0,0,40923.16016,88.61994934,,,0,0,0,,,,
19603,262,6,10,2,0.6,600,782,1,6,4,1,4,5,3,31,0,29746.59375,66.39196777,,,0,0,0,,,,
19604,39,23,23,7,1,2975,2793,4,18,5,18,5,22,22,306,1,71990.97656,182.9638977,3,1,,,,0,,,0
19604,50,28,30,8,0.93,3475,3353,6,21,9,21,7,13,25,0,31,79420.72656,212.2661743,4,0,,,,0,,,0
19604,120,16,22,9,0.73,2350,2393,3,16,6,14,2,21,19,0,12,66171.21875,176.3330536,5,0,,,,0,,,0
19604,262,39,25,5,1.56,4225,4456,5,19,6,28,11,7,4,136,143,75894.59375,192.1884918,0,3,,,,0,,,0
19605,39,26,23,13,1.13,4335,3144,3,13,10,18,8,22,21,108,43,67371.11719,180.9105377,,0,,,,0,52,0,6
19605,50,29,21,3,1.38,5265,3061,3,14,7,24,5,13,13,0,130,77203.53906,193.18573,,0,,,,0,115,3,3
19605,120,18,30,9,0.6,3550,2610,2,22,8,10,8,18,19,0,140,64445.84375,191.5380402,,0,,,,0,75,2,6
19605,262,21,21,8,1,3525,2434,4,14,7,15,6,7,5,113,0,74561.25781,182.4108734,,0,,,,0,46,1,7
19606,39,7,7,2,1,650,914,2,4,2,5,1,9,9,80,1,44918.64844,100.532135,,0,0,0,0,0,,,0
19606,50,10,5,3,2,1000,1498,4,2,1,8,0,8,8,100,0,65762.55469,135.6017151,,2,1,0,0,1,,,0
19606,120,5,6,2,0.83,500,780,2,5,1,4,0,6,8,0,1,37673.16016,93.22473907,,0,0,0,0,0,,,0
19606,262,7,4,1,1.75,900,608,3,3,1,6,0,4,3,55,0,45978.80078,92.29787445,,2,3,0,0,0,,,0
20107,39,13,27,9,0.48,2230,1777,2,19,8,7,6,17,8,2,107,55011.70313,183.6919403,,0,,,,0,39,0,2
20107,50,26,28,6,0.93,3945,2871,3,20,8,13,13,9,15,77,1,58682.875,181.6542664,,0,,,,0,42,2,5
20107,120,19,26,10,0.73,3675,2655,3,17,9,14,5,20,20,0,1,50095.29297,160.7386627,,0,,,,0,58,6,3
20107,262,24,25,8,0.96,3305,2910,3,19,6,19,5,5,1,80,0,67544.32813,193.588974,,0,,,,0,18,1,4
20108,39,12,7,3,1.71,1715,1198,5,6,1,7,1,11,9,31,0,53767.125,100.5612183,,,2,1,0,,,,
20108,50,3,7,3,0.43,400,550,2,6,1,2,0,8,8,54,0,53955.03125,97.1598587,,,0,0,0,,,,
20108,120,3,8,5,0.38,410,686,1,1,2,2,1,10,10,22,30,44148.78516,83.57852173,,,0,0,0,,,,
20108,262,10,9,0,1.11,1000,1026,4,6,3,9,0,7,9,70,0,54011.55859,97.75723267,,,0,0,0,,,,
20109,39,12,16,3,0.75,1575,1470,2,12,4,7,5,13,9,15,49,54638.10547,183.622345,3,0,,,,0,,,0
20109,50,17,23,4,0.74,2250,2037,3,18,4,10,7,11,8,73,1,66890.78125,222.124176,6,1,,,,0,,,0
20109,120,13,17,3,0.76,1650,1632,2,14,3,9,4,14,13,0,31,60730.27344,191.5829926,1,0,,,,0,,,0
20109,262,15,21,5,0.71,1875,1662,4,16,5,7,8,4,4,88,0,78683.98438,258.1897583,1,0,,,,0,,,0
20110,39,31,12,7,2.58,4975,3439,5,10,2,25,6,13,12,0,33,56374.84766,150.6154938,,0,,,,0,56,1,2
20110,50,18,16,7,1.13,2985,2228,3,9,7,15,3,12,12,155,0,67348.94531,186.5359497,,1,,,,0,71,2,4
20110,120,15,16,13,0.94,3620,2246,3,12,4,8,7,17,15,0,2,45518.57031,157.5155487,,0,,,,0,96,2,5
20110,262,34,16,5,2.13,4495,3307,7,11,5,25,9,5,7,102,0,60228.79688,183.4178162,,0,,,,0,47,1,6
20111,39,9,7,2,1.29,1010,1263,3,3,0,5,3,10,8,96,70,67231.40625,136.1334229,,0,0,0,0,0,,,0
20111,50,2,8,1,0.25,350,421,2,7,1,1,1,9,7,46,0,54273.53516,108.0654449,,0,1,0,0,0,,,0
20111,120,6,6,4,1,1285,1011,3,5,0,5,0,10,10,15,1,46238.42578,94.78994751,,0,1,0,0,0,,,0
20111,262,10,7,0,1.43,1000,776,3,6,0,7,2,3,2,44,0,49472.1875,96.00261688,,5,0,0,0,0,,,0
20107,46,34,16,4,2.13,4845,3264,5,10,6,29,5,13,14,0,79,46503.03906,142.9701233,,1,,,,0,57,0,7
20107,64,20,20,7,1,3310,2666,3,12,8,13,7,12,12,0,0,58838.70313,170.7338562,,0,,,,0,44,0,2
20107,97,24,24,8,1,3825,2953,4,15,9,15,9,11,11,120,2,56565.62109,176.0321808,,0,,,,0,55,0,4
20107,363,28,22,12,1.27,5280,3398,4,16,6,18,10,11,17,98,1,56723.41016,174.7642059,,0,,,,0,108,7,4
20108,46,8,7,3,1.14,875,1187,3,5,0,4,2,8,5,52,94,40788.76563,74.26927185,,,0,0,0,,,,
20108,64,8,6,3,1.33,975,1344,3,3,0,8,0,8,7,22,0,45844.08203,87.2592392,,,0,0,0,,,,
20108,97,4,7,2,0.57,450,663,1,6,1,0,3,10,11,25,0,38042.72266,67.90189362,,,0,0,0,,,,
20108,363,11,8,0,1.38,1450,1242,7,6,1,7,2,7,6,20,0,42217.47266,76.12656403,,,3,0,0,,,,
20109,46,24,18,7,1.33,2940,2665,9,7,11,20,4,11,7,0,80,62217.85547,207.3169556,2,0,,,,0,,,0
20109,64,15,11,10,1.36,2190,2245,6,8,3,13,2,10,8,0,0,61018.76563,179.2802887,3,1,,,,0,,,0
20109,97,24,14,9,1.71,3250,2475,6,8,6,17,6,10,11,113,28,67814,201.5492096,3,1,,,,0,,,0
20109,363,14,14,5,1,1750,1295,3,10,4,10,4,11,13,77,3,64824.08594,192.2999725,2,0,,,,0,,,0
20110,46,18,26,6,0.69,2705,2923,2,21,5,12,6,15,11,0,41,57804.69141,187.2741241,,0,,,,0,13,1,4
20110,64,11,25,3,0.44,1630,1839,2,19,6,6,5,16,15,0,2,62398.37891,210.7653198,,0,,,,0,21,0,0
20110,97,17,24,5,0.71,3235,1837,3,17,7,13,4,16,14,73,73,63698.71484,208.622757,,0,,,,0,51,4,1
20110,363,14,23,8,0.61,2110,1801,3,16,7,11,3,11,14,47,0,69056.875,207.2823639,,0,,,,0,11,1,3
20111,46,8,8,3,1,1005,1102,3,5,2,6,1,7,6,5,0,43125.65625,85.58655548,,3,1,0,0,0,,,0
20111,64,8,6,2,1.33,915,1052,5,2,2,7,0,10,6,0,0,44235.49219,90.51732635,,1,0,0,0,0,,,0
20111,97,11,4,0,2.75,1700,982,3,4,0,7,0,7,6,82,0,53385.14063,106.6381454,,1,2,0,0,0,,,0
20111,363,1,9,2,0.11,175,417,1,7,2,1,0,7,6,7,0,37860.91797,73.47397614,,0,0,0,0,0,,,0
20132,38,20,28,8,0.71,2935,2546,3,25,3,16,4,14,11,99,33,83155.15625,212.9485321,,0,,,,0,26,1,1
20132,70,22,26,3,0.85,3710,2547,4,23,3,17,5,9,13,0,1,81178.86719,210.5788116,,0,,,,0,47,0,5
20132,111,23,29,9,0.79,3985,3180,3,20,9,13,10,25,22,98,2,76958.11719,197.7297363,,0,,,,0,76,2,5
20132,229,21,31,8,0.68,3190,2933,4,22,9,12,9,22,15,0,2,91658.38281,220.9388275,,0,,,,0,22,4,3
20133,38,3,7,0,0.43,500,619,2,4,2,3,0,6,4,53,0,45938.39844,104.2067413,,1,0,0,0,0,,,0
20133,70,6,7,0,0.86,950,683,2,3,3,4,2,4,3,0,1,30540.30273,75.46088409,,1,1,0,0,0,,,0
20133,111,7,6,0,1.17,700,847,4,3,0,6,0,7,5,54,0,45489.46094,107.8934784,,1,0,0,0,0,,,0
20133,229,5,6,2,0.83,660,821,3,6,0,3,1,7,5,21,30,42246.94922,97.17541504,,0,0,0,0,0,,,0
20134,38,12,14,7,0.86,1725,1586,3,12,2,10,2,13,13,40,1,59165.04297,216.4036865,3,0,,,,0,,,0
20134,70,14,10,5,1.4,1810,2265,5,6,4,12,2,5,8,0,0,38507.84766,151.0969696,3,1,,,,0,,,0
20134,111,17,13,4,1.31,2225,2019,3,11,2,11,6,14,13,95,23,58987.30078,217.7029877,6,1,,,,0,,,0
20134,229,21,8,2,2.63,2485,2296,7,4,4,17,4,8,8,0,0,53535.95703,181.3782959,5,0,,,,0,,,0
20135,38,18,24,9,0.75,2730,2065,3,19,5,13,5,15,12,85,0,63679.27344,174.0172424,,0,,,,0,28,1,3
20135,70,22,17,7,1.29,4015,2680,3,12,5,18,4,7,11,0,0,51993.90234,143.752594,,0,,,,0,72,5,8
20135,111,25,22,8,1.14,4300,3146,4,17,5,21,5,20,16,96,0,58924.3125,164.5446777,,0,,,,0,75,4,3
20135,229,24,19,9,1.26,4500,2847,7,10,9,18,6,15,14,0,0,59592.26563,164.3881683,,1,,,,0,125,1,4
20136,38,4,7,2,0.57,600,601,1,4,1,2,1,5,6,33,0,52144.19922,111.9109344,,0,1,0,0,0,,,0
20136,70,4,7,0,0.57,600,470,2,5,0,3,0,3,3,40,0,43184.02344,96.86433411,,1,0,0,0,0,,,0
20136,111,7,7,1,1,975,997,4,4,1,6,1,8,7,50,0,38509.32031,85.91446686,,2,0,0,0,0,,,0
20136,229,4,7,1,0.57,450,455,2,7,0,3,1,7,6,31,1,37346.54688,82.73655701,,0,0,0,0,0,,,0
20132,39,24,19,7,1.26,3735,2632,4,14,5,20,4,19,18,0,71,68546.46094,169.2737732,,0,,,,0,80,0,4
20132,50,36,28,8,1.29,5310,3991,5,16,12,26,10,16,17,154,0,87352.00781,220.016861,,1,,,,0,71,2,7
20132,120,21,19,8,1.11,3550,2769,7,13,6,17,4,20,16,0,1,59031.39844,154.4571228,,0,,,,0,59,0,4
20132,262,33,20,7,1.65,4995,3348,7,15,5,27,6,6,9,103,0,72906.15625,186.1394806,,0,,,,0,47,4,9
20133,39,7,6,1,1.17,725,937,3,5,0,4,2,7,7,34,0,44940.22656,102.7384186,,2,0,0,0,0,,,0
20133,50,4,5,2,0.8,425,640,2,5,0,2,0,7,2,46,0,52618.94922,118.0187149,,1,0,0,0,0,,,0
20133,120,4,7,4,0.57,630,773,1,5,2,1,3,8,8,0,1,40158.16797,97.9878006,,0,0,0,0,0,,,0
20133,262,11,3,0,3.67,1300,995,5,1,1,9,0,4,5,68,0,50844.21484,114.8460236,,2,0,1,1,0,,,0
20134,39,7,14,2,0.5,930,974,1,13,1,4,3,12,8,0,1,51737.92578,196.1913147,4,0,,,,0,,,0
20134,50,15,18,5,0.83,1825,1822,3,12,6,13,2,7,12,92,44,69350.41406,256.0248718,3,0,,,,0,,,0
20134,120,7,13,4,0.54,915,1140,4,10,3,6,1,12,12,0,0,44487.66797,183.8452606,1,0,,,,0,,,0
20134,262,16,19,2,0.84,1900,1893,2,15,4,10,6,2,4,81,0,63305.98828,236.6064606,1,1,,,,0,,,0
20135,39,20,21,7,0.95,3105,2455,3,16,5,15,5,20,15,0,30,48364.19531,146.7497101,,0,,,,0,37,3,7
20135,50,24,21,8,1.14,4565,3117,6,17,5,17,7,9,11,146,0,66850.75,172.6669464,,0,,,,0,109,5,2
20135,120,17,19,7,0.89,3215,2041,3,14,5,11,6,17,19,0,21,54651.55469,154.5230713,,0,,,,0,61,2,2
20135,262,21,28,5,0.75,2730,3000,3,23,5,15,6,6,5,90,1,76069.44531,219.6016083,,0,,,,0,13,1,3
20136,39,3,5,2,0.6,525,675,1,3,0,3,0,8,8,65,0,52611.79688,116.3718185,,0,1,0,0,0,,,0
20136,50,7,5,0,1.4,700,651,4,3,2,4,0,7,6,38,0,38281.77734,82.04634094,,2,0,0,0,0,,,0
20136,120,8,5,2,1.6,825,905,4,4,1,5,1,8,8,75,0,57515.69922,131.5031738,,0,0,0,0,1,,,0
20136,262,10,4,2,2.5,1025,1336,6,4,0,8,1,3,4,57,2,44267.625,102.259201,,3,0,0,0,0,,,0
20167,93,21,19,4,1.11,3165,2396,4,14,5,13,8,14,9,0,1,58000.28906,164.2067719,,0,,,,0,62,0,7
20167,112,13,23,7,0.57,1890,2540,3,19,4,10,3,12,10,0,0,55561.60938,185.8097839,,0,,,,0,14,1,0
20167,217,24,19,7,1.26,4205,2335,4,15,4,18,6,13,8,200,1,63451.41406,171.3756866,,0,,,,0,83,9,4
20167,550,17,25,7,0.68,3095,2472,3,17,8,12,5,9,9,86,1,62205.58594,189.3908691,,0,,,,0,47,0,4
20168,93,6,6,1,1,650,758,5,2,1,4,0,9,5,85,0,74986.19531,126.5835342,,0,0,0,0,0,,,0
20168,112,7,8,1,0.88,875,1183,3,7,1,4,1,10,7,15,1,49907.77734,86.37349701,,2,0,0,0,0,,,0
20168,217,6,8,0,0.75,600,788,2,8,0,4,2,7,6,29,0,51208.53906,87.615448,,2,0,0,0,0,,,0
20168,550,6,9,2,0.67,925,1002,2,6,1,5,1,5,2,42,0,56372.79688,97.23360443,,2,2,0,0,0,,,0
20169,93,4,17,8,0.24,970,1210,1,12,5,2,2,10,7,0,0,47937.8125,208.7788544,3,0,,,,0,,,0
20169,112,6,15,1,0.4,675,1134,1,12,3,3,3,12,8,0,98,45018.54688,189.8226166,0,0,,,,0,,,0
20169,217,16,10,5,1.6,2050,1875,4,7,3,15,1,8,8,95,0,49524.13281,196.9871979,0,1,,,,0,,,0
20169,550,12,18,3,0.67,1575,1356,2,18,0,6,6,10,4,60,0,53928.33984,233.2068634,3,0,,,,0,,,0
20167,39,18,17,6,1.06,2980,2346,5,13,4,15,3,17,15,0,30,51869.55078,156.1238556,,0,,,,0,45,5,6
20167,50,27,20,5,1.35,4415,2968,6,11,9,20,7,13,9,98,1,58132.01953,162.6573181,,1,,,,0,104,0,5
20167,120,19,16,6,1.19,3870,2380,3,13,3,16,3,14,12,0,0,51751.12891,155.6378174,,0,,,,0,108,3,6
20167,262,22,22,8,1,2825,2821,4,16,6,14,8,1,5,111,0,67557.40625,182.5899353,,0,,,,0,5,1,5
20168,39,10,6,0,1.67,1000,1033,2,5,0,9,0,8,9,80,0,62168.11328,110.4846649,,2,0,0,0,0,,,0
20168,50,9,7,1,1.29,1050,1143,3,4,1,7,1,7,5,42,100,64537.33984,107.6982803,,2,2,0,0,0,,,0
20168,120,5,4,2,1.25,1005,777,4,4,0,3,0,10,10,30,0,58628.05859,107.4146652,,0,2,1,0,0,,,0
20168,262,7,8,4,0.88,1075,969,3,4,3,4,2,4,6,63,0,50926.08594,87.42692566,,0,0,1,0,0,,,0
20169,39,17,11,5,1.55,2475,2175,4,8,3,13,4,8,10,0,0,48182.76172,188.4361725,6,1,,,,0,,,0
20169,50,15,8,2,1.88,2000,1491,7,5,3,14,1,8,5,87,0,47204.15625,173.3009644,8,0,,,,0,,,0
20169,120,16,6,4,2.67,1905,1870,10,2,4,14,2,7,5,0,0,50976.58984,175.5662231,7,0,,,,0,,,0
20169,262,12,13,4,0.92,1475,1525,3,11,2,8,4,2,0,69,0,58292.17969,230.0989685,3,1,,,,0,,,0
20197,39,19,25,7,0.76,3865,2441,3,20,5,13,6,19,16,0,4,63121.60938,159.2491913,,1,,,,0,100,0,3
20197,50,35,29,12,1.21,5115,4091,6,23,6,24,11,11,10,155,63,80273.20313,195.4814453,,0,,,,0,24,7,9
20197,120,22,26,10,0.85,3770,3292,5,20,6,17,5,23,19,0,0,57310.72266,159.7866974,,0,,,,0,54,1,5
20197,262,31,27,8,1.15,4210,3636,5,20,7,23,8,7,7,170,1,81271.8125,189.8250275,,0,,,,0,21,1,4
20198,39,6,7,1,0.86,1025,867,2,6,1,4,1,10,8,78,0,70900.76563,105.6205673,,1,0,2,1,0,,,0
20198,50,3,7,4,0.43,660,736,2,6,1,3,0,8,6,53,0,50560.57813,79.12766266,,1,2,0,0,0,,,0
20198,120,6,9,4,0.67,1170,1074,4,4,3,4,1,10,10,89,0,61929.62109,97.03859711,,1,0,1,0,0,,,0
20198,262,18,6,1,3,1775,1942,10,3,1,14,1,6,4,107,0,79251.71094,122.2768402,,3,0,0,0,1,,,0
20199,39,15,20,8,0.75,2085,1987,2,13,7,9,6,22,12,0,0,73872.39844,220.7221069,6,0,,,,0,,,0
20199,50,16,15,5,1.07,2175,2063,4,12,3,11,4,9,5,97,0,71867.95313,201.1879578,9,0,,,,0,,,0
20199,120,15,13,8,1.15,2240,2542,4,7,6,10,5,14,12,0,92,60235.0625,167.4794006,6,0,,,,0,,,0
20199,262,33,13,1,2.54,3575,3004,8,11,2,29,4,5,5,151,44,74721.96094,207.5912781,8,1,,,,0,,,0
20200,39,26,21,7,1.24,3745,3109,4,9,12,19,7,21,15,0,31,83818.25781,191.9349823,,0,,,,0,17,5,4
20200,50,28,18,8,1.56,5750,3118,5,10,8,22,6,12,10,120,0,76787.49219,168.1651459,,0,,,,0,125,6,4
20200,120,30,20,5,1.5,4525,3388,9,14,6,25,5,19,16,0,2,68404.36719,166.6814575,,0,,,,0,67,3,6
20200,262,28,21,7,1.33,4330,3148,6,15,6,19,9,5,6,175,0,89073.70313,200.0692596,,0,,,,0,53,3,7
20197,66,26,26,8,1,4555,3445,3,16,10,21,5,14,12,0,0,60505.64063,159.2609711,,0,,,,0,95,1,6
20197,225,22,27,10,0.81,3905,2566,4,19,7,16,6,17,12,79,101,65818,162.1530914,,0,,,,0,83,5,3
20197,268,22,32,11,0.69,3980,3252,3,24,8,18,4,22,23,0,30,71949.90625,188.6953278,,0,,,,0,51,2,4
20197,425,37,23,1,1.61,5205,3542,4,18,5,28,9,12,7,149,0,74658.75781,169.8270721,,0,,,,0,53,1,11
20198,66,6,9,3,0.67,775,993,4,5,2,4,1,9,6,25,0,50606.99219,78.39592743,,1,0,0,0,0,,,0
20198,225,2,11,1,0.18,565,628,2,10,1,1,1,9,5,26,0,40486.48047,62.59529114,,1,3,0,0,0,,,0
20198,268,10,7,0,1.43,1300,1455,4,5,0,5,3,10,9,66,0,59741.87109,91.17201996,,0,1,1,0,0,,,0
20198,425,11,6,0,1.83,1100,1180,4,5,0,9,1,9,11,71,0,58949.59375,88.89334106,,3,0,0,0,0,,,0
20199,66,8,17,6,0.47,1610,1228,2,13,4,6,2,14,9,0,2,57253.40234,170.000412,7,0,,,,0,,,0
20199,225,13,26,5,0.5,1600,2100,3,19,6,7,6,16,11,85,38,75531.51563,233.4727173,3,1,,,,0,,,0
20199,268,19,20,8,0.95,2655,2336,3,14,6,15,4,16,15,0,0,56596.85938,171.8228149,3,1,,,,0,,,0
20199,425,21,16,3,1.31,2400,2399,5,13,3,15,6,12,6,100,0,65200.15625,183.785202,3,1,,,,0,,,0
20200,66,15,28,8,0.54,3440,2050,4,19,9,10,5,13,15,0,3,75473.75781,192.5956573,,0,,,,0,83,4,3
20200,225,17,29,6,0.59,3235,2210,3,19,10,11,6,21,14,71,0,83374.36719,216.530426,,0,,,,0,36,5,2
20200,268,22,31,9,0.71,3415,3223,3,27,4,12,10,25,28,0,1,78139.67969,203.1645813,,0,,,,0,23,9,6
20200,425,26,24,1,1.08,3600,2657,6,20,4,15,11,11,16,68,28,74060.23438,187.4257355,,1,,,,0,25,1,3
20232,39,20,21,10,0.95,3625,2596,4,12,9,12,8,21,16,0,37,69216.10938,180.7365417,,0,,,,0,76,4,4
20232,50,23,27,6,0.85,4330,2941,5,21,6,18,5,11,15,0,3,72327.32031,205.8860016,,0,,,,0,74,5,6
20232,262,23,25,3,0.92,3600,2351,4,18,7,13,10,12,12,100,2,77994.35938,201.2290497,,0,,,,0,60,6,4
20232,532,22,24,4,0.92,3315,2458,4,20,4,13,9,5,15,133,0,74563.17188,199.5657196,,0,,,,0,14,5,4
20233,39,5,4,0,1.25,600,497,2,4,0,2,2,5,6,40,0,42787.55469,111.8473969,,1,1,0,0,0,,,0
20233,50,7,3,2,2.33,950,1115,5,3,0,6,0,5,6,29,0,36563.34766,95.71367645,,3,1,0,0,0,,,0
20233,262,7,2,0,3.5,700,537,4,2,0,5,1,2,0,42,0,29193.2168,79.12760162,,1,0,0,0,0,,,0
20233,532,7,3,2,2.33,825,955,3,0,2,4,1,3,4,79,0,39804.04688,106.4723816,,1,0,0,0,0,,,0
20234,39,24,18,5,1.33,2990,3030,9,16,2,21,4,17,13,0,34,75907.51563,172.5927429,4,0,,,,0,,,0
20234,50,11,26,7,0.42,1590,2180,2,21,5,6,5,16,12,0,0,78726.375,199.9058685,4,1,,,,0,,,0
20234,262,29,23,6,1.26,3350,3169,7,18,5,22,7,8,9,143,1,96670.04688,222.7862244,2,0,,,,0,,,0
20234,532,21,22,8,0.95,2675,2891,4,17,5,14,7,16,14,173,0,93116.21875,218.7396088,1,2,,,,0,,,0
20235,39,23,28,10,0.82,4080,2867,3,16,12,15,8,22,19,0,44,76664.32813,187.8930969,,0,,,,0,66,4,4
20235,50,24,28,6,0.86,4635,3127,5,22,6,13,11,10,10,0,0,76703.26563,192.0475006,,0,,,,0,73,18,2
20235,262,29,25,9,1.16,4510,3015,4,17,8,20,9,6,7,95,0,85097.30469,197.8082581,,0,,,,0,51,14,6
20235,532,28,25,4,1.12,4390,3146,4,18,7,18,10,13,16,160,95,90368.32813,208.9198914,,1,,,,0,54,6,5
20232,223,26,27,7,0.96,4025,2907,3,18,9,18,8,19,20,93,0,87687.16406,221.9589996,,0,,,,0,40,5,4
20232,227,24,16,9,1.5,4040,3411,6,12,4,18,6,15,14,0,69,62168.72266,154.515152,,0,,,,0,68,6,5
20232,528,28,21,6,1.33,4725,2939,4,12,9,20,8,19,18,0,54,64598.9375,178.553894,,1,,,,0,85,5,4
20232,576,19,24,8,0.79,3895,2329,4,14,10,15,4,18,20,98,0,82143.16406,198.5215759,,0,,,,0,87,4,5
20233,223,1,7,1,0.14,175,244,0,3,2,1,0,3,6,1,0,25123.61133,68.30644989,,0,0,0,0,0,,,0
20233,227,2,7,1,0.29,225,627,1,6,0,1,1,5,4,29,0,29450.12891,81.925354,,0,0,0,0,0,,,0
20233,528,5,5,0,1,500,644,4,4,0,4,0,5,3,59,0,40992.60938,112.3926163,,1,0,0,0,1,,,0
20233,576,4,7,1,0.57,450,676,2,4,2,3,1,4,6,41,0,29340.83984,78.09898376,,0,0,0,0,0,,,0
20234,223,25,20,7,1.25,3000,2653,9,12,8,21,4,12,10,123,1,85285.92188,191.893692,2,1,,,,0,,,0
20234,227,18,18,6,1,2475,3000,5,14,4,14,4,14,7,0,32,66765.04688,166.8920746,6,0,,,,0,,,0
20234,528,26,21,5,1.24,3175,2922,5,17,4,23,3,17,12,0,79,71538.64063,167.7592468,6,0,,,,0,,,0
20234,576,20,26,7,0.77,2550,2597,6,20,7,14,6,21,17,166,0,78387.39063,197.932312,1,0,,,,0,,,0
20235,223,20,32,17,0.63,3835,2404,4,20,12,15,5,24,20,94,81,80354.00781,207.7662811,,0,,,,0,56,5,3
20235,227,39,24,12,1.63,6530,4568,6,16,8,26,13,17,15,0,140,61353.62109,162.3782501,,0,,,,0,75,8,4
20235,528,15,28,14,0.54,3605,2421,5,16,12,10,5,21,16,0,31,64098.15625,177.7980194,,0,,,,0,86,18,4
20235,576,32,20,7,1.6,5410,3515,8,14,6,22,10,16,13,176,0,69554.82031,168.2467194,,0,,,,0,86,15,5
19522,38,22,21,8,1.05,3535,2852,5,14,7,17,5,8,14,0,31,65563.78125,190.5271301,,0,,,,0,36,6,3
19522,70,18,14,6,1.29,4490,2005,7,13,1,16,2,9,8,0,0,50961.3125,154.8244781,,0,,,,0,155,6,2
19522,111,21,23,3,0.91,2770,2247,4,16,7,12,9,21,15,73,3,71749.375,217.3905487,,1,,,,0,38,3,5
19522,229,20,21,7,0.95,4130,2519,3,13,8,16,4,16,14,17,84,61159.65234,192.4732208,,0,,,,0,83,8,2
19523,38,2,7,1,0.29,325,362,1,6,1,1,1,4,5,0,1,22658.98047,72.96244812,,2,1,0,0,0,,,0
19523,70,4,6,0,0.67,400,611,3,2,0,2,1,7,6,29,0,27990.39844,79.62947083,,1,1,0,0,0,,,0
19523,111,4,6,2,0.67,575,528,3,6,0,3,1,7,4,13,0,27958.67773,76.72285461,,0,1,0,0,0,,,0
19523,229,5,6,2,0.83,500,855,2,3,1,3,1,7,6,30,10,27724.88086,88.95638275,,1,0,0,0,0,,,0
19524,38,21,10,6,2.1,2775,2584,6,5,5,15,6,8,7,0,0,51311.79688,195.7750397,5,1,,,,0,,,0
19524,70,12,10,5,1.2,1650,1472,3,6,4,12,0,9,6,0,1,42525.78906,165.8588715,4,0,,,,0,,,0
19524,111,18,12,5,1.5,2150,2121,5,8,4,14,4,11,10,93,0,54510.64844,211.1281586,1,0,,,,0,,,0
19524,229,16,15,1,1.07,1750,1704,3,11,4,11,4,9,9,21,0,45277.36328,186.9277802,5,0,,,,0,,,0
19525,38,23,22,6,1.05,3720,2662,3,16,6,17,7,5,11,0,0,57420.32422,185.9656219,,0,,,,0,72,1,6
19525,70,15,20,4,0.75,3230,1782,4,15,5,9,6,10,10,0,28,44097.31641,157.2214966,,0,,,,0,113,2,2
19525,111,19,23,13,0.83,3405,2620,3,16,7,15,4,16,16,67,0,67827.5,212.8951569,,0,,,,0,34,0,3
19525,229,30,18,4,1.67,4780,3368,7,12,7,23,7,15,11,34,0,52044.5625,167.8266602,,0,,,,0,63,4,9
19522,46,23,20,6,1.15,3655,2752,4,15,5,16,7,8,6,0,11,59668.82422,180.4836121,,0,,,,0,38,6,5
19522,64,21,21,9,1,3240,2790,3,17,4,16,5,12,10,68,0,54846.375,170.3991089,,0,,,,0,39,4,2
19522,97,14,22,5,0.64,2725,1711,3,14,8,8,6,14,11,87,0,55581.71484,183.3409271,,0,,,,0,50,4,0
19522,522,21,18,4,1.17,4450,2386,5,15,3,16,5,14,14,0,33,49596.88672,156.3359528,,0,,,,0,130,11,4
19523,46,7,5,3,1.4,725,849,3,2,2,4,1,8,4,31,3,28736.98438,88.77755737,,1,0,0,0,0,,,0
19523,64,7,4,1,1.75,650,844,6,3,1,6,0,7,5,0,1,25380.51172,72.98278809,,1,0,0,0,0,,,0
19523,97,8,3,0,2.67,700,741,3,3,0,5,1,6,6,30,69,23762.37891,72.67364502,,2,0,0,0,0,,,0
19523,522,3,3,1,1,1075,407,2,1,1,2,0,8,7,0,0,24958.09766,76.86723328,,0,1,3,0,0,,,0
19524,46,11,21,2,0.52,1450,1577,2,16,5,4,7,9,6,0,1,51378.37891,217.6792297,1,1,,,,0,,,0
19524,64,12,16,5,0.75,1575,1672,3,11,5,7,5,8,8,0,56,48621.75781,182.5427704,4,1,,,,0,,,0
19524,97,12,14,1,0.86,1325,1485,3,13,1,11,1,14,9,44,2,57168.62891,214.9452057,1,0,,,,0,,,0
19524,522,12,16,6,0.75,1800,1543,5,12,3,8,4,13,11,39,1,49848.08984,197.1088257,5,0,,,,0,,,0
19525,46,19,23,6,0.83,2525,2470,3,15,8,11,8,11,11,0,73,55963.88672,183.5149994,,1,,,,0,20,2,4
19525,64,21,21,5,1,3700,2871,4,15,6,15,7,14,10,76,0,58337.44531,184.6892548,,0,,,,0,80,1,3
19525,97,24,24,6,1,4050,2912,4,19,6,18,6,19,9,90,1,63357.62891,205.0490417,,0,,,,0,50,3,5
19525,522,19,19,7,1,3525,2314,4,15,4,15,4,17,11,0,0,58474.81641,175.8421936,,0,,,,0,65,0,5
19562,35,30,14,4,2.14,4260,3400,6,12,2,26,4,15,12,0,0,49240.25781,143.7258911,,0,,,,0,56,1,3
19562,37,19,21,10,0.9,4290,2595,3,14,7,14,5,8,11,45,0,53871.76563,166.0583038,,1,,,,0,100,7,4
19562,94,29,20,5,1.45,4435,2889,3,14,6,19,10,12,14,61,0,54464.06641,170.1996918,,0,,,,0,51,19,3
19562,99,20,19,2,1.05,3725,2428,6,17,2,15,5,18,12,0,30,51416.57422,157.3599396,,0,,,,0,90,1,4
19563,35,5,8,1,0.63,850,862,3,5,1,5,0,11,9,63,2,44555.02734,88.44303894,,2,1,0,0,0,,,0
19563,37,5,8,0,0.63,700,711,2,8,0,4,1,8,2,31,0,46318.9375,86.35192871,,1,0,0,0,0,,,0
19563,94,13,7,2,1.86,1100,1622,3,5,1,10,0,5,3,75,0,63728.47266,112.060524,,3,0,0,0,0,,,0
19563,99,9,7,2,1.29,775,1213,3,5,0,7,0,10,7,46,0,52257.33984,87.34177399,,0,0,0,0,0,,,0
19564,35,27,17,8,1.59,3500,3327,5,13,4,22,5,18,16,6,0,51460.51172,124.1041107,3,0,,,,0,,,0
19564,37,20,28,7,0.71,2525,2617,3,21,7,14,6,14,19,36,1,74274.66406,189.4408264,2,0,,,,0,,,0
19564,94,29,24,8,1.21,3650,3702,4,17,7,19,10,16,15,111,1,79279.73438,194.4814911,0,2,,,,0,,,0
19564,99,29,22,8,1.32,3475,3618,5,16,6,20,9,24,20,0,101,61162.78516,143.8982849,1,0,,,,0,,,0
19565,35,22,18,9,1.22,3475,2416,6,13,6,18,4,17,16,15,171,53317.4375,170.558075,,0,,,,0,30,1,2
19565,37,21,23,3,0.91,3155,2434,3,18,5,14,7,6,14,52,87,61420.23047,205.4758606,,0,,,,0,43,5,1
19565,94,11,21,7,0.52,2660,1505,2,12,9,9,2,7,13,47,85,57044.74609,187.3911896,,0,,,,0,66,2,0
19565,99,20,22,8,0.91,2975,2554,3,16,6,13,7,20,16,0,1,55430.44531,172.0901794,,0,,,,0,35,0,1
19566,35,9,4,1,2.25,975,1000,5,3,1,7,1,6,7,52,1,35842.37891,86.32766724,,1,0,0,0,0,,,0
19566,37,9,6,0,1.5,1400,849,4,3,1,5,2,6,3,50,0,47526.52734,90.82328033,,1,5,1,0,0,,,0
19566,94,5,7,3,0.71,625,983,2,5,2,4,0,6,4,49,1,35052.68359,73.04483795,,0,0,0,0,0,,,0
19566,99,7,4,3,1.75,700,808,3,3,1,6,0,8,6,64,101,51154.34766,95.80296326,,1,0,1,0,0,,,0
19562,38,19,29,6,0.66,2950,2426,3,24,5,13,6,10,10,0,1,70967.97656,206.7505188,,0,,,,0,25,4,1
19562,70,18,21,10,0.86,4095,2438,5,15,6,16,2,10,7,0,29,55401.07813,149.3653717,,0,,,,0,132,9,4
19562,111,18,26,9,0.69,3820,2051,4,19,7,13,5,15,20,71,54,73339.89063,207.7901764,,0,,,,0,52,12,2
19562,229,19,22,8,0.86,3500,2325,4,16,6,15,4,11,9,20,0,72454.82813,192.9490509,,0,,,,0,60,6,3
19563,38,9,8,2,1.13,1050,1197,4,7,0,8,0,11,5,65,0,62050.60938,108.1963959,,2,1,1,0,0,,,0
19563,70,5,8,0,0.63,400,780,2,5,0,2,0,9,5,28,100,50508.69922,85.16007996,,1,2,0,0,0,,,0
19563,111,8,8,0,1,1000,982,3,8,0,8,0,9,7,64,0,54385.39453,100.2500839,,0,0,0,0,0,,,0
19563,229,8,8,2,1,775,950,3,6,1,5,2,7,6,86,0,56858.27734,103.0296478,,2,0,0,0,0,,,0
19564,38,20,28,3,0.71,2450,2595,5,22,6,15,5,11,20,0,2,74461.38281,186.4272308,4,0,,,,0,,,0
19564,70,30,22,5,1.36,3725,3484,5,17,5,22,8,11,16,0,0,61184.01172,142.3542633,6,0,,,,0,,,0
19564,111,19,31,6,0.61,2475,2691,3,24,7,10,9,22,22,0,37,77443.51563,193.1323853,3,1,,,,0,,,0
19564,229,22,24,11,0.92,3000,3104,7,12,12,20,2,16,19,0,28,66641.30469,169.5221863,2,2,,,,0,,,0
19565,38,16,17,4,0.94,3335,1767,3,12,5,10,6,7,10,0,0,55459.96484,174.1378632,,0,,,,0,101,2,4
19565,70,19,16,5,1.19,3240,2336,5,13,3,13,6,10,11,0,168,50664.74609,162.0133514,,0,,,,0,54,1,4
19565,111,30,19,7,1.58,4220,3445,5,13,6,21,9,13,13,84,0,60665.16016,187.1327515,,1,,,,0,47,0,9
19565,229,19,22,11,0.86,3610,2616,5,16,6,15,5,15,16,37,1,50181.17188,176.6903229,,0,,,,0,62,7,3
19566,38,7,5,4,1.4,1275,1177,3,2,1,5,1,6,7,67,0,56627.79297,108.1197205,,0,1,1,0,0,,,0
19566,70,6,8,1,0.75,575,831,4,7,0,3,2,5,6,63,8,40774.17969,85.45123291,,2,0,0,0,0,,,0
19566,111,3,8,1,0.38,750,518,1,6,1,2,1,8,7,50,0,39498.30859,73.56581116,,1,2,1,1,0,,,0
19566,229,5,9,1,0.56,525,606,1,7,1,4,1,6,4,40,0,47023.14844,91.07434082,,3,0,0,0,0,,,0
19607,38,22,18,6,1.22,3495,2750,5,12,6,18,4,12,9,0,30,56753.21484,179.223465,,0,,,,0,47,0,2
19607,70,19,17,9,1.12,4015,2373,3,13,4,15,4,8,8,0,0,48398.75391,159.157196,,0,,,,0,105,10,4
19607,111,23,20,3,1.15,3200,2485,5,16,4,17,6,13,9,83,0,61207.35156,201.5458374,,0,,,,0,45,4,1
19607,229,27,20,10,1.35,4885,2958,4,10,10,22,5,9,9,78,1,48948.78125,170.0074615,,1,,,,0,111,5,5
19608,38,7,8,1,0.88,1150,938,4,4,2,5,1,8,2,71,0,56977.76563,106.8746796,,2,3,1,1,0,,,0
19608,70,3,8,2,0.38,250,422,2,5,1,2,0,9,4,35,0,51092.53125,94.60851288,,1,0,0,0,0,,,0
19608,111,9,8,2,1.13,925,1129,5,6,1,5,3,7,6,93,0,56311.64844,104.3586426,,1,1,0,0,0,,,0
19608,229,8,8,1,1,800,1044,2,5,2,6,1,10,5,69,0,62126.16406,111.073082,,1,1,0,0,0,,,0
19609,38,21,20,6,1.05,2425,2630,3,15,5,17,4,16,11,0,12,85181.32813,227.7162476,1,0,,,,0,,,0
19609,70,19,21,8,0.9,2500,2381,3,15,6,13,6,8,13,0,2,74065.27344,202.1890259,2,0,,,,0,,,0
19609,111,18,24,9,0.75,2400,2576,4,16,8,13,5,16,15,106,0,90171.53906,237.4563751,3,0,,,,0,,,0
19609,229,20,22,5,0.91,2575,2698,5,17,5,16,4,15,14,90,0,87214.34375,229.0145416,5,2,,,,0,,,0
19610,38,22,29,7,0.76,3100,2350,4,24,5,14,8,16,13,0,99,72762.03906,201.0083466,,0,,,,0,15,4,6
19610,70,20,29,11,0.69,4590,2768,5,17,12,16,4,10,8,0,4,60106.28906,185.8879852,,0,,,,0,89,9,2
19610,111,21,31,12,0.68,4090,2994,2,23,8,13,8,14,17,94,88,72319.5625,208.0241241,,0,,,,0,69,8,4
19610,229,26,27,4,0.96,3350,2954,4,21,6,16,10,16,13,53,0,61770.85938,174.8378754,,1,,,,0,30,0,5
19607,33,17,22,5,0.77,3265,2503,5,18,4,14,3,14,13,94,0,56032.52734,191.4666901,,0,,,,0,74,1,3
19607,49,15,23,3,0.65,2605,2088,4,17,6,7,8,14,12,0,0,50504.875,171.1804962,,0,,,,0,63,7,4
19607,117,18,26,3,0.69,3350,2160,3,22,4,11,7,9,7,89,0,63766.29688,220.0083618,,0,,,,0,45,4,3
19607,530,25,20,7,1.25,3785,3262,5,15,5,19,6,11,6,0,1,63208.0625,199.9636841,,0,,,,0,46,7,4
19608,33,10,6,2,1.67,1500,1271,3,5,0,8,2,9,5,90,2,69768.25781,123.1170807,,2,0,2,0,0,,,0
19608,49,9,6,1,1.5,750,1095,5,3,0,5,1,9,6,36,0,60465.46484,104.174675,,2,0,0,0,0,,,0
19608,117,7,8,2,0.88,675,711,2,6,2,3,2,2,3,80,0,48087.71875,82.58841705,,1,0,0,0,0,,,0
19608,530,6,7,4,0.86,1075,1059,2,4,3,4,1,7,7,73,12,55248.19141,97.20191193,,1,5,0,0,0,,,0
19609,33,24,17,5,1.41,2825,3284,4,12,5,18,6,13,13,123,2,73458.79688,192.1773682,1,0,,,,0,,,0
19609,49,15,15,5,1,1875,2153,4,12,3,13,2,14,12,0,0,79294.92969,193.6613464,5,0,,,,0,,,0
19609,117,27,20,3,1.35,3075,2951,5,18,2,18,9,6,5,110,117,81348.57031,202.3384399,3,1,,,,0,,,0
19609,530,21,26,7,0.81,2375,2302,4,17,9,14,7,14,8,88,1,95514.625,249.0384216,4,1,,,,0,,,0
19610,33,29,18,8,1.61,3950,2820,4,12,6,22,7,15,16,147,51,63677.42188,170.3698578,,0,,,,0,36,5,5
19610,49,39,18,9,2.17,6575,3958,7,10,8,33,6,14,13,0,102,54978.24219,145.0493469,,0,,,,0,120,11,7
19610,117,24,26,11,0.92,4755,2973,3,18,8,15,9,8,6,143,34,62307.625,168.0265808,,0,,,,0,83,3,5
19610,530,24,27,13,0.89,4090,2938,3,19,8,15,9,16,13,0,0,61590.3125,185.3116913,,0,,,,0,49,1,6
19622,42,20,20,6,1,3880,2164,4,15,5,16,4,15,9,79,105,63642.89453,207.2284546,,0,,,,0,89,6,3
19622,47,26,18,2,1.44,4165,2554,6,15,3,21,5,2,4,0,66,55390.52344,171.0838318,,0,,,,0,104,2,9
19622,98,19,19,10,1,3795,2513,4,10,9,14,5,5,4,0,1,47182.02734,167.2189331,,0,,,,0,122,8,3
19622,108,24,18,7,1.33,3535,2736,5,12,6,19,5,10,7,118,0,55268.90234,188.5488129,,1,,,,0,36,2,1
19623,42,8,7,3,1.14,1125,870,3,6,0,6,0,8,7,74,3,31641.43945,76.11079407,,3,1,1,0,0,,,0
19623,47,6,9,0,0.67,600,619,3,6,3,4,2,5,9,0,34,24458.11133,53.46565628,,4,0,0,0,0,,,0
19623,98,9,6,4,1.5,900,1373,4,3,0,7,0,8,6,30,0,47751.48438,119.3952103,,1,0,0,0,0,,,0
19623,108,5,6,3,0.83,600,881,3,3,1,4,0,8,4,16,1,38913.52344,97.38459015,,0,1,0,0,0,,,0
19624,42,29,33,8,0.88,3875,3288,5,23,10,18,11,12,16,162,1,107671.7969,216.202713,7,0,,,,0,,,0
19624,47,25,29,8,0.86,3450,3196,3,19,10,16,9,6,9,142,80,89101.00781,176.5669861,7,1,,,,0,,,0
19624,98,29,25,14,1.16,4000,3931,5,11,14,23,6,10,9,0,1,81473.29688,160.8602905,4,2,,,,0,,,0
19624,108,33,31,7,1.06,3700,3803,4,24,7,20,12,21,17,141,1,90852.75,187.8999939,0,0,,,,0,,,0
19625,42,14,28,6,0.5,,1986,0,,,8,6,,,,,,,,0,,,,0,10,1,4
19625,47,21,20,4,1.05,,2492,0,,,10,11,,,,,,,,1,,,,0,2,0,3
19625,98,23,17,6,1.35,,2850,0,,,14,9,,,,,,,,0,,,,0,62,6,3
19625,108,17,21,4,0.81,,2081,0,,,9,8,,,,,,,,0,,,,0,4,2,5
19622,38,17,24,4,0.71,2455,2064,5,17,7,11,6,12,5,0,55,64139.17969,215.8624115,,0,,,,0,23,4,4
19622,70,13,22,6,0.59,3020,1957,2,15,6,9,4,7,7,0,99,48875.81641,171.845047,,0,,,,0,107,7,1
19622,111,24,23,9,1.04,3215,2965,5,19,4,17,7,15,15,74,0,63668.1875,204.2418671,,0,,,,0,14,2,6
19622,229,21,22,6,0.95,3785,2434,6,19,2,15,6,10,8,84,131,59210.74609,198.7080383,,0,,,,0,76,3,4
19623,38,4,6,3,0.67,1000,772,3,5,0,2,1,10,9,23,1,41089.88672,101.2204056,,0,4,1,0,0,,,0
19623,70,8,9,2,0.89,775,939,2,5,1,4,3,10,5,15,0,30434.0957,76.31127167,,2,0,0,0,0,,,0
19623,111,10,6,1,1.67,750,1160,6,5,1,6,0,11,9,25,1,39806.98828,102.4481201,,0,0,0,0,0,,,0
19623,229,6,7,2,0.86,600,691,3,6,0,6,0,10,8,5,34,29248.75586,80.28153229,,1,0,0,0,0,,,0
19624,38,28,33,11,0.85,3425,3503,4,19,14,14,14,23,17,0,1,108328.4375,207.2299194,4,0,,,,0,,,0
19624,70,23,29,12,0.79,3625,3143,3,17,11,17,6,9,17,0,57,93411.09375,184.9073334,10,1,,,,0,,,0
19624,111,33,28,10,1.18,4075,4197,3,23,5,22,11,21,26,119,1,113942.3438,217.5340881,4,1,,,,0,,,0
19624,229,34,26,13,1.31,4500,4173,7,18,8,24,10,21,15,75,32,96823.01563,194.7976074,6,0,,,,0,,,0
19625,38,21,18,8,1.17,,2378,0,,,18,3,,,,,,,,0,,,,0,103,9,2
19625,70,20,23,12,0.87,,2228,0,,,14,6,,,,,,,,0,,,,0,56,2,3
19625,111,22,16,7,1.38,,2672,0,,,17,5,,,,,,,,0,,,,0,76,0,5
19625,229,23,18,8,1.28,,2725,0,,,19,4,,,,,,,,0,,,,0,58,1,5
20117,38,18,42,14,0.43,3360,2851,2,30,12,6,12,19,17,98,0,76429.47656,189.7597656,,0,,,,0,41,1,6
20117,70,38,31,16,1.23,5925,4446,5,26,5,27,11,14,15,0,31,76887.46094,186.7846832,,1,,,,0,66,2,7
20117,111,36,28,15,1.29,6400,3984,5,20,8,20,16,23,20,142,105,71454.78125,161.2066193,,0,,,,0,95,7,8
20117,229,28,31,11,0.9,4845,3236,4,22,9,23,5,26,18,0,55,78452.19531,192.8687439,,0,,,,0,69,5,7
20118,38,4,8,1,0.5,450,662,2,6,0,4,0,2,2,17,0,36579.57031,85.4619751,,1,0,0,0,0,,,0
20118,70,3,8,1,0.38,445,975,1,7,0,2,1,2,6,0,0,27524.18359,67.24419403,,0,0,0,0,0,,,0
20118,111,8,7,1,1.14,925,960,2,4,2,6,0,9,3,72,1,47884.43359,112.5179367,,1,1,0,0,0,,,0
20118,229,7,7,1,1,1050,839,5,5,0,4,2,7,9,32,0,42445.28125,101.2991714,,2,1,0,0,1,,,0
20119,38,28,22,6,1.27,3350,3364,4,20,3,23,5,18,14,221,0,111139.9375,225.3628082,3,1,,,,0,,,0
20119,70,18,22,6,0.82,2340,2897,4,16,5,15,3,9,13,0,0,89858.64844,180.325592,3,1,,,,0,,,0
20119,111,23,27,3,0.85,2725,3031,4,21,6,18,5,22,16,124,0,111355.2891,234.9554596,9,1,,,,0,,,0
20119,229,26,28,4,0.93,3070,3145,5,18,10,16,10,24,18,0,73,98607.76563,223.4524536,7,1,,,,0,,,0
20120,38,19,29,9,0.66,3370,2591,3,24,5,10,9,22,12,163,39,73247.28906,209.635437,,0,,,,0,77,3,3
20120,70,17,30,10,0.57,2595,2229,4,28,2,11,6,9,11,0,0,61047.89453,193.4244385,,0,,,,0,19,1,3
20120,111,27,26,13,1.04,5030,3373,4,18,8,17,10,21,16,94,17,63468.65234,179.9183655,,0,,,,0,68,5,1
20120,229,23,26,10,0.88,3805,2713,4,19,7,16,8,19,14,0,1,64010.41016,182.0705719,,0,,,,0,63,1,7
20117,65,26,37,14,0.7,4320,3859,3,26,11,17,9,19,17,93,67,84249.30469,194.7797089,,0,,,,0,47,3,4
20117,264,35,29,12,1.21,5585,3727,5,17,12,29,6,14,13,0,0,67393.21875,174.2018738,,0,,,,0,79,5,6
20117,428,28,23,12,1.22,5140,3625,3,17,6,23,5,19,14,101,70,78356.96875,174.5428162,,0,,,,0,119,6,3
20117,517,43,31,12,1.39,5950,5030,4,16,15,29,14,9,9,0,12,65809.89844,161.6503296,,0,,,,0,46,2,11
20118,65,7,6,2,1.17,800,881,3,4,1,5,0,7,3,39,1,37840,90.31044769,,1,1,0,0,0,,,0
20118,264,8,4,1,2,1060,1022,4,1,1,6,0,4,8,0,10,40708.41797,95.94312286,,1,0,1,0,0,,,0
20118,428,8,8,0,1,900,845,4,7,1,5,2,8,3,62,0,37042.31641,84.04451752,,1,1,0,0,0,,,0
20118,517,7,4,3,1.75,875,943,4,4,0,6,0,3,3,35,0,52161.83984,121.090065,,2,0,0,0,0,,,0
20119,65,24,27,16,0.89,3400,3506,4,19,8,18,6,21,12,121,2,118875.4688,245.1250916,3,1,,,,0,,,0
20119,264,19,23,9,0.83,2475,2511,3,17,6,15,4,10,13,0,0,92735.20313,195.7668152,2,0,,,,0,,,0
20119,428,24,25,9,0.96,3250,3094,4,18,7,17,7,17,12,110,0,117548.7969,240.6570587,9,0,,,,0,,,0
20119,517,32,20,11,1.6,4180,3900,5,18,2,25,7,12,12,0,34,95811.94531,203.8612366,7,0,,,,0,,,0
20120,65,24,21,9,1.14,4180,2907,4,13,8,20,4,14,13,123,57,71018.71875,182.8361816,,0,,,,0,53,0,5
20120,264,22,20,15,1.1,5110,3263,8,10,10,19,3,12,13,0,0,51813.91797,154.4091339,,0,,,,0,124,5,5
20120,428,28,22,7,1.27,4640,2823,4,16,6,23,5,13,10,118,34,71239.38281,175.3721313,,1,,,,0,84,1,6
20120,517,37,23,8,1.61,4890,3839,6,15,9,27,10,7,9,0,62,62291.51953,178.235199,,0,,,,0,28,0,9
20157,49,21,20,5,1.05,3935,2626,5,15,5,14,7,16,16,0,1,70748.02344,168.7873688,,0,,,,0,86,6,2
20157,269,22,25,4,0.88,3205,2431,3,18,7,16,6,16,18,0,40,72033.83594,182.5200195,,0,,,,0,52,0,2
20157,429,22,23,6,0.96,3730,2974,5,14,9,20,2,11,13,70,41,82014.35156,182.3882141,,0,,,,0,78,7,5
20157,530,29,24,4,1.21,3935,3383,4,22,2,21,8,11,10,135,34,83669.95313,199.1360321,,0,,,,0,46,0,7
20158,49,6,7,2,0.86,645,1014,3,4,1,5,1,10,10,3,0,46624.125,95.46948242,,0,0,0,0,0,,,0
20158,269,3,8,0,0.38,340,365,1,6,2,3,0,4,7,0,30,34794.69922,73.88160706,,0,0,0,0,0,,,0
20158,429,9,8,0,1.13,800,1107,3,6,0,5,2,6,6,61,100,43591.78125,86.37950897,,4,0,0,0,0,,,0
20158,530,5,6,0,0.83,700,958,4,5,0,3,0,3,7,44,0,44298.24609,89.34204865,,0,2,0,0,0,,,0
20159,49,14,13,7,1.08,1830,1920,3,8,5,11,3,13,12,0,0,66948.66406,194.4142914,3,0,,,,0,,,0
20159,269,24,11,3,2.18,2910,2454,9,8,3,21,3,11,10,0,1,74927.15625,195.5246735,4,0,,,,0,,,0
20159,429,23,15,6,1.53,2850,2900,6,10,5,19,4,7,5,149,2,76133.625,193.4732208,2,1,,,,0,,,0
20159,530,20,17,6,1.18,2400,2439,4,14,3,16,4,10,8,112,83,73565.27344,212.3913879,3,1,,,,0,,,0
20160,49,21,16,9,1.31,3455,2452,5,6,10,14,7,15,12,0,23,47530.10547,146.129364,,0,,,,0,67,3,6
20160,269,27,20,11,1.35,4915,3651,3,10,10,20,8,11,13,10,1,44530.10547,149.4027252,,1,,,,0,78,1,10
20160,429,23,21,7,1.1,4400,2517,4,10,11,14,9,11,10,69,44,54778.37109,161.4408875,,0,,,,0,90,2,7
20160,530,35,21,3,1.67,4260,3352,5,16,5,22,13,12,9,89,35,65406.54297,187.0825348,,0,,,,0,31,0,5
20157,38,26,25,6,1.04,3180,3391,5,19,6,19,7,14,15,116,0,89258.39844,211.5812531,,0,,,,0,8,2,2
20157,70,19,22,7,0.86,4260,2382,3,19,3,14,5,18,15,0,122,60064.23438,157.6972809,,0,,,,0,145,6,7
20157,111,24,23,4,1.04,3885,2880,7,16,7,18,6,19,18,132,245,74407.07031,179.9219818,,0,,,,0,76,5,4
20157,229,23,24,6,0.96,3295,2638,4,17,7,18,5,18,12,0,0,76063.25781,184.7655945,,1,,,,0,20,0,4
20158,38,10,6,3,1.67,1260,1283,7,4,1,6,0,5,6,56,0,57613.09766,121.2792435,,4,1,0,0,0,,,0
20158,70,8,5,1,1.6,1245,1091,3,4,0,7,1,5,9,10,0,41604.69141,90.51981354,,1,0,1,0,0,,,0
20158,111,5,6,3,0.83,850,896,3,4,2,4,0,8,8,75,1,48090.97266,101.9398422,,0,0,1,0,0,,,0
20158,229,6,6,1,1,630,853,3,4,0,4,2,9,6,17,0,45675.99609,93.4646225,,1,0,0,0,0,,,0
20159,38,14,20,3,0.7,1625,1665,3,17,3,10,4,13,8,79,60,78721.84375,227.154007,2,0,,,,0,,,0
20159,70,11,17,7,0.65,1750,1430,2,14,3,8,3,9,4,0,0,62675.41797,192.2130432,7,0,,,,0,,,0
20159,111,15,24,5,0.63,1975,2236,3,20,4,10,5,19,13,86,0,70794.89063,223.1820984,5,1,,,,0,,,0
20159,229,16,20,4,0.8,2195,2269,3,16,4,12,4,17,12,0,70,67694.64844,203.4187012,5,0,,,,0,,,0
20160,38,18,24,5,0.75,2450,2363,4,17,8,12,6,13,14,98,1,69415.40625,206.7481842,,0,,,,0,15,1,4
20160,70,21,28,10,0.75,3720,2712,4,18,10,11,10,11,13,0,2,55080.48047,188.6863098,,0,,,,0,48,3,6
20160,111,25,26,8,0.96,3540,2829,3,19,7,13,12,25,20,95,0,61721.69531,206.6821136,,0,,,,0,19,1,6
20160,229,14,28,9,0.5,3080,1789,2,16,12,6,8,19,12,0,1,56705.19922,191.5849457,,0,,,,0,58,2,4
20192,29,24,14,5,1.71,4470,2586,3,7,7,18,7,8,8,96,0,49667.28516,148.0182495,,1,,,,0,122,8,7
20192,36,26,19,7,1.37,3805,2986,5,11,8,19,7,15,13,0,32,57398.29688,181.4020386,,0,,,,0,36,3,3
20192,100,15,19,9,0.79,2775,2230,3,14,5,10,5,19,14,0,0,56763.48438,179.1469269,,0,,,,0,59,0,2
20192,552,26,20,6,1.3,4725,2416,5,15,5,17,9,13,14,62,1,54078.62891,175.9571075,,0,,,,0,65,5,3
20193,29,4,8,1,0.5,575,692,1,3,2,4,0,5,4,45,12,41358.96094,98.28575134,,1,1,0,0,0,,,0
20193,36,6,6,0,1,620,750,3,4,0,3,1,8,4,5,0,51275.34375,122.7895813,,0,0,0,0,0,,,0
20193,100,1,7,0,0.14,210,259,1,7,0,1,0,5,4,0,0,29383.70898,75.41614532,,1,1,0,0,0,,,0
20193,552,5,7,0,0.71,600,587,2,6,0,2,3,6,5,34,0,41717.11719,102.8173065,,0,1,0,0,0,,,0
20194,29,21,22,10,0.95,2850,2695,4,13,9,14,6,13,15,87,2,86166.89063,208.1142731,2,0,,,,0,,,0
20194,36,31,18,4,1.72,3355,3754,8,13,5,24,7,10,6,0,101,78058.32031,180.481369,4,1,,,,0,,,0
20194,100,23,18,6,1.28,3120,2647,5,11,7,18,5,17,8,0,32,81625.90625,189.4140015,5,0,,,,0,,,0
20194,552,19,19,6,1,2400,2195,3,14,5,13,6,13,13,108,2,88389.72656,201.685318,5,0,,,,0,,,0
20195,29,28,22,9,1.27,4480,2973,3,15,8,17,11,11,15,100,2,60095.85938,166.8762817,,0,,,,0,63,5,4
20195,36,27,21,8,1.29,4715,3177,4,17,4,20,7,9,9,0,24,55389.49219,154.6067505,,0,,,,0,105,4,4
20195,100,20,24,15,0.83,4350,2833,4,16,8,14,6,21,14,0,89,55543.30859,168.7183228,,0,,,,0,92,2,6
20195,552,31,31,6,1,3500,3563,6,23,8,19,12,14,21,88,2,67981.61719,203.6785736,,0,,,,0,15,0,8
20192,38,20,23,9,0.87,3755,2296,3,15,8,12,8,15,14,90,44,72905.89844,220.1947937,,0,,,,0,53,3,4
20192,70,14,21,7,0.67,2360,2186,3,15,6,9,5,10,11,0,29,55220.59375,186.0368195,,0,,,,0,28,2,5
20192,111,24,23,7,1.04,4515,2598,4,18,5,17,7,21,18,99,0,66425.17188,199.0492859,,0,,,,0,49,8,2
20192,229,14,24,9,0.58,2010,2158,2,16,9,9,5,21,16,0,1,63279.28906,197.9101715,,0,,,,0,1,3,2
20193,38,6,4,0,1.5,1210,701,3,3,1,5,0,7,4,24,0,40665.87891,98.29306793,,2,2,1,1,0,,,0
20193,70,6,5,4,1.2,835,1085,3,3,0,5,0,4,4,12,0,47678.4375,113.9409714,,0,0,0,0,0,,,0
20193,111,5,5,3,1,600,626,2,3,2,3,1,7,5,43,36,48265.625,114.354454,,1,0,0,0,0,,,0
20193,229,11,2,0,5.5,1300,1019,5,1,1,7,1,6,4,78,0,47837.06641,118.710144,,3,0,1,0,0,,,0
20194,38,23,27,6,0.85,2850,2816,5,22,5,13,10,15,9,160,0,94056.67188,221.6266479,0,1,,,,0,,,0
20194,70,22,20,7,1.1,2880,2488,5,14,5,16,6,11,5,0,0,85957.64063,191.2093201,4,0,,,,0,,,0
20194,111,22,25,4,0.88,2900,2573,9,18,7,15,7,21,14,119,44,87878.00781,203.0910492,6,2,,,,0,,,0
20194,229,10,22,8,0.45,1940,2167,2,15,7,7,3,16,9,0,152,88520.95313,214.0924072,8,0,,,,0,,,0
20195,38,23,27,8,0.85,3795,3087,3,20,7,17,7,17,11,83,101,62625.94141,180.8168182,,0,,,,0,47,3,6
20195,70,21,30,10,0.7,2830,2644,5,20,10,15,6,8,14,0,135,62193.65625,188.7878876,,0,,,,0,15,1,5
20195,111,26,23,11,1.13,4865,3004,3,17,6,21,5,22,20,112,80,63218.80078,181.6228027,,0,,,,0,104,3,4
20195,229,28,26,12,1.08,4095,2990,3,13,13,18,10,22,16,0,72,60777.08984,175.802475,,1,,,,0,57,3,3
20227,38,31,24,7,1.29,3970,3698,5,20,4,22,10,17,10,118,1,78758.96094,206.4068451,,0,,,,0,17,2,7
20227,70,20,19,9,1.05,3745,2648,4,11,8,15,5,10,14,0,60,67105.08594,178.6857452,,0,,,,0,76,1,2
20227,111,17,18,10,0.94,4625,2176,3,14,4,10,7,17,15,63,4,65315.87891,175.2166901,,0,,,,0,165,2,5
20227,229,28,21,7,1.33,4080,3010,5,13,8,20,8,19,17,0,0,70304.97656,191.4836578,,0,,,,0,26,1,4
20228,38,10,4,2,2.5,1225,1069,4,1,1,7,0,10,5,52,0,53667.74609,115.7950821,,4,0,0,0,0,,,0
20228,70,2,7,3,0.29,410,519,1,5,0,1,1,8,6,0,31,39740.30078,87.45957184,,1,0,0,0,0,,,0
20228,111,9,7,6,1.29,1475,1341,5,7,0,4,3,9,8,36,0,47093.55469,102.7829132,,2,1,1,0,0,,,0
20228,229,6,6,6,1,1060,1049,2,5,1,4,1,10,9,1,44,51697.48828,122.4151001,,0,3,0,0,0,,,0
20229,38,12,21,8,0.57,1700,1511,2,11,10,9,3,17,10,96,70,82236.35156,221.279541,2,0,,,,0,,,0
20229,70,22,20,5,1.1,2800,2601,3,14,6,11,10,13,9,0,35,66488.3125,168.8360443,8,1,,,,0,,,0
20229,111,25,18,6,1.39,2825,3227,5,13,5,21,4,15,16,87,102,83013.95313,211.2692413,4,1,,,,0,,,0
20229,229,28,18,5,1.56,3505,3380,5,16,2,22,6,14,11,0,124,71691.5,193.2948761,7,2,,,,0,,,0
20227,44,18,25,5,0.72,3080,2113,4,18,7,12,6,20,19,100,43,66916.89063,191.0449219,,0,,,,0,58,0,2
20227,102,25,26,11,0.96,3580,2965,5,17,9,19,6,14,10,0,34,62605.38281,192.6457977,,1,,,,0,17,1,6
20227,426,17,25,9,0.68,3765,2828,3,18,8,12,5,5,8,0,22,57790.75781,176.2346344,,0,,,,0,109,1,3
20227,549,22,20,10,1.1,4045,2660,3,14,6,15,7,16,11,170,0,61561.66016,173.2302551,,0,,,,0,62,4,1
20228,44,5,8,3,0.63,625,723,2,5,3,3,1,8,9,33,1,38326.39844,79.88843536,,2,0,0,0,0,,,0
20228,102,5,6,2,0.83,655,733,2,5,0,4,0,9,10,0,10,44950.92188,101.5356293,,0,0,0,0,0,,,0
20228,426,10,7,1,1.43,1075,1277,4,2,1,7,1,5,6,35,0,47945.85547,110.231987,,1,0,0,0,0,,,0
20228,549,4,6,2,0.67,745,714,2,4,1,4,0,9,8,25,0,36334.89844,84.4683075,,0,2,0,0,0,,,0
20229,44,21,29,9,0.72,2550,2896,4,20,9,15,6,22,16,127,2,80335.35938,220.3859253,0,0,,,,0,,,0
20229,102,18,17,8,1.06,2645,2613,2,10,7,14,4,12,10,0,99,61499.34375,156.906601,8,0,,,,0,,,0
20229,426,17,19,4,0.89,2025,1996,4,14,4,12,5,8,7,15,0,64807.91406,169.0258026,4,0,,,,0,,,0
20229,549,21,22,5,0.95,2850,2700,4,19,3,13,8,17,11,101,0,78018.23438,198.0687561,7,0,,,,0,,,0
19517,29,23,21,8,1.1,4080,2974,4,17,4,15,8,7,10,104,0,56379.04297,174.0236969,,0,,,,0,68,5,6
19517,36,17,19,9,0.89,3110,2191,2,10,9,12,5,8,8,15,1,54552.88672,164.33992,,0,,,,0,51,2,6
19517,100,15,24,5,0.63,2250,2092,3,17,7,9,6,19,19,0,12,57638.4375,180.852829,,0,,,,0,50,0,4
19517,270,23,18,3,1.28,3620,2402,4,16,2,20,3,4,5,96,0,54751.85547,174.3024292,,1,,,,0,42,5,1
19518,29,6,2,1,3,1150,743,4,2,0,4,0,3,4,4,0,29639.17773,105.4237671,,2,2,2,1,0,,,0
19518,36,4,2,1,2,325,401,4,1,1,2,0,4,2,15,51,24095.26367,82.1044693,,0,1,0,0,0,,,0
19518,100,5,3,1,1.67,450,672,2,3,0,2,2,5,5,27,0,25916.2793,81.71640778,,2,0,0,0,0,,,0
19518,270,7,4,0,1.75,700,847,3,3,1,6,1,2,2,57,0,31633.60547,106.9828339,,2,0,0,0,0,,,0
19519,29,24,26,4,0.92,2750,2955,6,23,3,20,4,15,17,102,0,101578.8906,204.578949,4,0,,,,0,,,0
19519,36,24,26,3,0.92,3025,3085,7,23,3,21,3,13,8,130,64,97485.59375,193.2498169,5,1,,,,0,,,0
19519,100,24,21,7,1.14,2925,3496,5,18,3,18,6,21,17,0,0,87346.65625,175.0381317,2,0,,,,0,,,0
19519,270,26,23,7,1.13,3125,3130,6,17,6,24,2,8,12,217,2,105686.3281,219.559082,3,0,,,,0,,,0
19517,42,21,21,5,1,3225,2765,3,18,3,19,2,11,14,72,1,70955.26563,188.2535858,,0,,,,0,36,5,0
19517,47,19,20,9,0.95,3550,2330,4,12,8,13,6,1,9,0,0,61256.70313,176.0943146,,0,,,,0,45,3,3
19517,98,15,20,4,0.75,2315,2067,3,12,8,10,5,8,11,0,102,55097.54688,159.6042786,,0,,,,0,39,0,5
19517,108,27,17,2,1.59,5140,2946,4,14,3,18,9,10,11,51,41,52152.75,150.3474121,,0,,,,0,155,5,4
19518,42,2,6,1,0.33,475,409,2,4,1,2,0,4,4,26,0,25749.52344,77.0309906,,0,2,0,0,0,,,0
19518,47,5,6,0,0.83,500,544,3,3,1,4,1,1,3,8,1,28518.4375,89.91902161,,0,0,0,0,0,,,0
19518,98,2,5,0,0.4,200,310,1,4,0,1,1,5,0,22,0,31055.01758,111.660881,,0,0,0,0,0,,,0
19518,108,2,5,0,0.4,200,219,1,3,1,2,0,4,4,19,0,19705.66016,73.97063446,,0,0,0,0,0,,,0
19519,42,29,32,8,0.91,3575,3356,5,30,2,25,4,17,12,139,1,113768.875,226.8391113,6,4,,,,0,,,0
19519,47,22,26,9,0.85,3100,3393,4,21,5,16,6,2,19,143,43,100302.8672,194.0004425,6,0,,,,0,,,0
19519,98,17,20,4,0.85,2125,2235,3,15,5,16,1,9,6,0,31,97656.04688,194.3347778,3,0,,,,0,,,0
19519,108,28,20,4,1.4,3475,3069,6,17,3,24,4,12,8,112,0,92582.54688,178.3371124,7,0,,,,0,,,0
19557,33,23,20,7,1.15,3740,2956,4,14,6,17,6,11,11,104,2,58269.76953,182.8647156,,0,,,,0,64,3,0
19557,49,22,19,5,1.16,2950,2401,5,10,9,17,5,17,13,0,75,57473.71875,172.779007,,0,,,,0,10,1,6
19557,,,,,,,,,,,,,,,,,,,,,,,,,,,
19557,117,14,28,9,0.5,2745,1956,2,19,10,8,6,10,4,103,0,59984.69922,187.873703,,0,,,,0,37,1,4
19558,530,21,23,4,0.91,4555,2566,4,18,5,16,5,16,14,0,0,52811.69141,174.3373566,,0,,,,0,138,26,4
19558,33,5,7,3,0.71,500,679,2,4,1,2,2,5,8,18,0,27909.48828,64.96694946,,1,0,0,0,0,,,0
19558,49,0,0,0,NaN,0,0,0,0,0,0,0,0,0,0,0,1594.962646,194.8138275,,2,0,0,0,0,,,0
19558,117,4,8,0,0.5,400,448,1,5,2,4,0,2,3,29,0,30553.00586,65.07198334,,2,0,0,0,0,,,0
19559,530,0,0,0,NaN,0,0,0,0,0,0,0,1,0,0,0,1857.24353,209.5413208,,3,0,0,0,0,,,0
19559,33,14,13,3,1.08,2000,1968,3,11,2,11,3,9,6,88,0,55220.60938,174.8911133,7,0,,,,0,,,0
19559,49,20,21,4,0.95,2250,2561,4,18,3,13,7,14,9,25,1,60220.25781,202.3935089,0,0,,,,0,,,0
19559,117,11,21,6,0.52,1300,1794,2,15,6,7,4,6,3,88,178,64722.44922,212.4764557,3,0,,,,0,,,0
,530,13,17,4,0.76,1850,1606,2,11,6,11,2,15,8,0,30,59848.29688,194.4912415,8,1,,,,0,,,0
19557,42,26,17,6,1.53,4260,2756,7,12,5,20,6,12,12,106,0,67379.14844,193.7001953,,0,,,,0,67,5,6
19557,47,19,29,4,0.66,2995,2320,2,21,8,7,12,2,6,0,102,63451.57422,196.381424,,1,,,,0,32,5,3
19557,98,24,17,7,1.41,3960,3015,4,10,7,17,7,11,9,0,0,57865.14063,158.3119202,,0,,,,0,71,21,4
19557,108,21,17,6,1.24,3920,2813,5,15,2,17,5,8,8,107,100,56339.57813,162.6027069,,0,,,,0,112,1,1
19558,42,0,0,0,NaN,0,0,0,0,0,0,0,0,0,0,0,488.8902283,54.20464706,,1,0,0,0,0,,,0
19558,47,9,6,1,1.5,1075,1022,3,2,3,6,1,2,5,15,0,38775.95313,77.30921173,,0,0,1,0,0,,,0
19558,98,5,5,2,1,625,1029,3,3,1,5,0,7,9,63,0,52954.87109,113.1172943,,0,0,0,0,0,,,0
19558,108,0,0,0,NaN,0,0,0,0,0,0,0,0,0,0,0,871.9215698,178.8222198,,0,0,0,0,0,,,0
19559,42,18,14,2,1.29,2050,1835,9,11,3,14,4,6,6,89,1,67592.53125,202.3856201,3,0,,,,0,,,0
19559,47,20,15,5,1.33,2475,2431,3,12,3,17,3,0,7,88,0,52874.30859,168.9190979,0,1,,,,0,,,0
19559,98,16,12,7,1.33,2150,1878,4,7,5,13,3,10,3,0,60,49228.38281,153.4810333,4,1,,,,0,,,0
19559,108,18,17,8,1.06,2500,2383,3,12,5,11,7,8,5,93,6,55629.28906,172.3317719,6,0,,,,0,,,0
19597,44,38,22,11,1.73,4925,4570,7,19,3,27,11,10,19,93,73,63597.34766,183.3895111,,0,,,,0,15,0,5
19597,61,17,24,8,0.71,2475,2507,4,18,6,10,7,6,13,0,68,53210.24219,167.4907379,,0,,,,0,15,4,4
19597,361,31,25,9,1.24,4910,3677,8,19,6,23,8,15,7,189,2,52935.01953,165.2163849,,0,,,,0,81,1,3
19597,426,17,20,9,0.85,4330,1917,3,13,7,12,5,8,11,0,10,55496.76172,160.9770355,,0,,,,0,154,2,3
19598,44,5,6,2,0.83,600,494,3,5,1,4,0,3,5,8,0,27955.5332,71.75033569,,2,1,0,0,0,,,0
19598,61,1,6,3,0.17,225,652,1,6,0,1,0,4,8,0,0,26375.26758,70.77521515,,0,0,0,0,0,,,0
19598,361,6,6,1,1,700,1395,2,1,1,4,1,7,8,55,29,36606.5,95.79096222,,0,2,0,0,0,,,0
19598,426,5,7,1,0.71,550,626,2,4,1,3,2,6,8,12,0,45132.5625,112.7945786,,1,0,0,0,0,,,0
19599,44,31,26,5,1.19,3525,3511,4,24,2,25,6,15,18,202,0,104533.7422,186.8837738,5,0,,,,0,,,0
19599,61,25,23,6,1.09,2975,3343,5,18,5,20,5,10,16,0,1,85152.82031,155.6531067,2,1,,,,0,,,0
19599,361,21,28,8,0.75,2950,3077,3,24,4,16,5,24,18,168,1,89511.30469,172.0560913,5,0,,,,0,,,0
19599,426,15,26,4,0.58,1975,2239,2,23,3,11,4,14,18,15,0,97235.27344,176.5884705,9,1,,,,0,,,0
19600,44,35,26,8,1.35,,3587,0,,,27,8,,,,,,,,0,,,,0,50,0,6
19600,61,19,20,8,0.95,,2172,0,,,15,4,,,,,,,,0,,,,0,70,3,3
19600,361,29,23,13,1.26,,3712,0,,,22,7,,,,,,,,0,,,,0,89,15,3
19600,426,33,25,10,1.32,,4179,0,,,25,8,,,,,,,,0,,,,0,76,17,7
19601,44,2,7,1,0.29,225,529,1,6,1,1,1,4,3,29,0,18443.12891,61.99370956,,0,0,0,0,0,,,0
19601,61,4,6,1,0.67,450,608,2,4,1,2,2,4,2,0,0,15273.74316,54.92119217,,0,0,0,0,0,,,0
19601,361,3,6,0,0.5,400,611,1,4,0,3,0,7,4,72,0,24639.11133,85.32894897,,0,1,0,0,0,,,0
19601,426,3,6,0,0.5,300,421,1,5,0,3,0,6,5,1,0,17299.2793,66.98047638,,1,0,0,0,0,,,0
19597,42,25,28,6,0.89,3655,2546,4,17,11,14,11,15,15,90,96,64572.70703,189.0693359,,1,,,,0,38,4,4
19597,47,19,29,7,0.66,3965,2648,3,19,10,16,3,1,4,0,0,57569.67578,183.4706726,,0,,,,0,89,0,3
19597,98,17,24,13,0.71,3050,2607,4,18,6,15,2,9,6,0,43,55554.54297,169.0279541,,0,,,,0,60,0,1
19597,108,30,22,4,1.36,4145,2860,7,18,4,24,6,10,11,51,1,59271.46484,180.9302826,,0,,,,0,62,3,8
19598,42,8,6,2,1.33,875,1062,3,4,2,7,1,7,8,61,0,34555.46875,86.8491745,,0,0,0,0,0,,,0
19598,47,4,5,0,0.8,300,661,3,5,0,2,1,3,3,0,0,27823.20703,66.31672668,,1,0,0,0,0,,,0
19598,98,5,4,1,1.25,375,693,3,2,1,2,1,5,4,13,1,33300.63281,85.51625824,,2,0,0,0,0,,,0
19598,108,8,2,0,4,1100,840,5,1,0,5,0,6,7,70,32,37828.81641,104.2786865,,2,2,2,0,0,,,0
19599,42,28,27,6,1.04,3525,3497,5,20,7,23,5,21,17,130,26,109107.1016,188.7258453,7,0,,,,0,,,0
19599,47,26,25,6,1.04,3050,3247,5,21,4,24,2,5,5,160,0,91556.33594,173.8660126,4,1,,,,0,,,0
19599,98,19,15,5,1.27,2400,2630,4,13,2,18,1,13,6,0,0,80172.46875,143.4722748,4,2,,,,0,,,0
19599,108,30,25,6,1.2,3525,3569,6,18,7,24,6,18,9,227,0,98974.55469,186.1387177,4,0,,,,0,,,0
19600,42,24,31,7,0.77,,3216,0,,,12,12,,,,,,,,0,,,,0,37,17,5
19600,47,20,28,9,0.71,,3091,0,,,12,8,,,,,,,,0,,,,0,86,4,3
19600,98,21,27,8,0.78,,2851,0,,,14,7,,,,,,,,0,,,,0,56,3,2
19600,108,29,30,8,0.97,,3328,0,,,16,13,,,,,,,,1,,,,0,31,6,6
19601,42,8,3,1,2.67,825,898,4,2,1,6,1,6,4,33,2,25502.54492,79.2432251,,3,1,0,0,0,,,0
19601,47,7,2,2,3.5,850,762,3,2,0,6,0,3,3,0,58,20093.23047,63.87819672,,2,0,1,1,0,,,0
19601,98,3,4,5,0.75,375,571,2,3,1,2,0,7,3,0,31,25370.99805,83.89401245,,1,0,0,0,0,,,0
19601,108,7,3,1,2.33,600,894,5,2,1,5,1,5,3,137,1,27184.31055,96.40870667,,0,0,0,0,0,,,0
20092,42,26,30,5,0.87,4330,3111,3,22,8,18,8,16,10,159,1,83873.17188,200.6104431,,0,,,,0,63,8,5
20092,51,29,26,7,1.12,4125,3310,5,24,2,20,9,17,12,171,11,78815.99219,182.7706909,,0,,,,0,15,8,8
20092,572,18,23,11,0.78,4275,2477,3,14,9,13,5,19,19,0,190,65938.25781,161.9007111,,0,,,,0,118,7,2
20093,42,9,7,1,1.29,1175,1519,3,5,2,8,1,7,10,26,31,52206.43359,79.07398987,,1,2,0,0,0,,,0
20093,51,7,7,6,1,1075,831,3,5,1,6,0,7,5,51,0,50460.0625,79.72756195,,2,0,0,0,0,,,0
20093,572,8,5,2,1.6,1190,1222,3,4,1,4,0,10,10,75,41,54690.15625,90.36151886,,0,0,1,0,0,,,0
20094,42,30,30,10,1,4350,3569,6,23,7,24,6,22,16,145,2,116546.75,205.7505951,13,0,,,,0,,,0
20094,51,23,32,7,0.72,3075,2675,5,27,5,13,10,25,23,268,35,134086.5938,241.3176575,5,2,,,,0,,,0
20094,572,21,29,11,0.72,3445,3327,2,18,10,15,6,26,28,0,90,117151.5625,208.8211823,6,1,,,,0,,,0
20095,42,28,24,5,1.17,4700,3070,4,14,11,20,8,12,12,61,40,77152.9375,210.2818451,,0,,,,0,50,14,8
20095,51,23,23,9,1,3995,2721,5,19,4,15,8,16,13,200,0,70021.39063,191.0563049,,0,,,,0,87,8,4
20095,572,15,23,13,0.65,3715,2351,3,13,10,12,3,16,16,0,30,60799.72266,172.6080322,,0,,,,0,93,25,5
20096,42,8,6,4,1.33,1050,903,5,5,1,6,0,10,8,79,2,64770.9375,92.94921112,,2,1,0,0,0,,,0
20096,51,7,6,1,1.17,1025,894,2,4,1,7,0,10,6,100,0,65953.83594,98.63088226,,0,1,1,1,0,,,0
20096,572,6,7,3,0.86,960,1298,3,6,1,4,0,11,11,61,0,59122.14063,94.95849609,,1,0,0,0,0,,,0
20092,46,38,24,13,1.58,5435,3871,6,14,10,30,8,17,11,0,80,63913.95313,153.2835999,,0,,,,0,63,6,6
20092,64,24,28,9,0.86,3810,3286,5,20,8,18,6,11,9,0,0,71875.25781,167.6943359,,0,,,,0,49,3,6
20092,97,29,28,10,1.04,4600,3321,5,20,8,20,9,12,12,122,0,77892.40625,184.7835999,,0,,,,0,20,6,7
20092,363,21,27,8,0.78,4680,2607,3,19,8,17,4,10,15,67,0,67193.94531,160.8721161,,1,,,,0,128,10,5
20093,46,5,8,0,0.63,545,480,1,3,1,3,1,6,4,15,1,41648.75,69.92389679,,2,0,0,0,0,,,0
20093,64,5,8,3,0.63,655,1228,2,6,0,4,0,6,6,13,31,51775.28906,88.3960495,,1,0,0,0,0,,,0
20093,97,6,8,1,0.75,810,878,2,7,0,5,1,7,8,15,0,50457.63672,80.80197906,,1,0,0,0,0,,,0
20093,363,9,9,0,1,1200,1136,3,9,0,5,3,5,8,25,0,44636.0625,69.32702637,,3,3,0,0,0,,,0
20094,46,29,21,17,1.38,4210,4263,5,16,5,22,7,15,16,0,1,108270.9844,175.7596588,4,0,,,,0,,,0
20094,64,32,20,8,1.6,4095,3820,5,15,5,28,4,12,16,0,30,105834.3125,174.7010498,3,0,,,,0,,,0
20094,97,25,29,8,0.86,3375,3309,4,26,3,13,11,20,22,128,1,123186.2188,222.3662872,7,0,,,,0,,,0
20094,363,30,28,8,1.07,3900,3499,5,14,14,21,9,18,15,142,0,123598.8984,224.79039,4,1,,,,0,,,0
20095,46,13,23,11,0.57,2750,2330,2,19,4,9,4,13,10,0,68,63673.00781,177.490799,,0,,,,0,40,10,2
20095,64,25,20,10,1.25,3805,3082,7,11,9,20,6,17,16,0,22,60364.76563,175.700882,,1,,,,0,33,15,2
20095,97,29,24,8,1.21,4735,3307,4,19,5,17,12,10,12,163,0,67578.50781,186.2590332,,0,,,,0,61,14,8
20095,363,19,23,3,0.83,3540,2245,4,16,7,12,7,15,16,99,0,59126.76172,169.0482635,,0,,,,0,69,17,4
20096,46,5,8,1,0.63,525,899,2,6,0,3,0,10,7,62,0,61556.91016,92.0501709,,0,0,0,0,0,,,0
20096,64,6,10,4,0.6,960,1284,2,8,0,4,2,10,6,64,0,59711.89844,93.70687103,,2,0,0,0,0,,,0
20096,97,9,6,0,1.5,1120,1092,3,5,0,7,1,9,6,104,0,72292.8125,109.4287186,,1,0,1,0,0,,,0
20096,363,5,8,1,0.63,875,795,3,7,0,5,0,7,7,58,0,65314.21875,95.39424133,,1,3,0,0,0,,,0
20127,42,29,22,7,1.32,4365,2791,5,17,5,22,7,16,7,80,1,65347.14063,172.3441925,,0,,,,0,79,1,8
20127,51,30,28,8,1.07,4180,3209,5,17,11,19,11,23,21,97,101,72242,189.9163208,,0,,,,0,43,1,5
20127,572,23,21,13,1.1,4500,2876,4,9,12,17,6,18,19,0,43,59494.58203,152.4532013,,0,,,,0,91,0,5
20128,42,10,8,1,1.25,1250,1289,5,7,1,5,3,6,8,85,0,48713.19531,69.45785522,,3,2,0,0,0,,,0
20128,51,6,9,0,0.67,700,638,2,8,1,3,1,7,6,50,0,40598.94531,53.7276001,,2,1,0,0,0,,,0
20128,572,7,8,1,0.88,825,1371,2,5,0,4,2,11,12,78,11,50771.91797,78.88573456,,0,0,0,0,0,,,0
20129,42,14,24,6,0.58,1925,2074,2,19,5,9,5,15,11,59,0,79466.45313,224.4422455,8,0,,,,0,,,0
20129,51,27,14,5,1.93,3225,2965,5,9,5,22,4,14,10,125,1,77038.55469,190.6768036,5,0,,,,0,,,0
20129,572,14,16,8,0.88,2215,2003,6,13,3,12,2,17,16,0,0,65814.82813,181.6887665,9,0,,,,0,,,0
20127,35,22,30,3,0.73,3665,2268,4,20,10,12,10,20,21,0,1,54289.07813,166.9224396,,0,,,,0,67,1,3
20127,37,16,27,11,0.59,3170,2226,3,21,6,11,5,17,22,144,0,75416.49219,205.8262177,,1,,,,0,47,0,3
20127,94,30,28,11,1.07,4355,3775,4,19,9,20,10,12,10,168,0,70958.41406,197.6826935,,0,,,,0,28,1,10
20127,99,24,31,8,0.77,3340,2817,3,25,6,14,10,22,21,0,0,62956.73828,196.5341034,,0,,,,0,35,0,7
20128,35,8,9,1,0.89,885,1257,2,5,1,5,2,10,10,36,0,46885.30859,71.84673309,,3,0,0,0,0,,,0
20128,37,7,8,2,0.88,850,881,2,4,4,4,0,9,10,68,79,52276.25781,76.16618347,,1,1,0,0,0,,,0
20128,94,9,8,4,1.13,1225,1126,3,4,3,8,0,11,11,94,1,65019.04688,95.38336945,,0,2,0,0,0,,,0
20128,99,7,6,0,1.17,750,975,3,4,0,6,1,11,11,4,0,65849.5625,93.08036041,,1,0,0,0,0,,,0
20129,35,19,18,5,1.06,2315,2480,3,16,2,13,6,15,15,0,44,57878.16016,169.7089233,2,0,,,,0,,,0
20129,37,14,23,3,0.61,1775,1667,3,16,6,9,5,10,9,92,0,78105.63281,213.1368561,3,0,,,,0,,,0
20129,94,19,16,5,1.19,2450,2168,3,12,4,16,3,8,8,96,0,76656.75781,205.9143066,3,1,,,,0,,,0
20129,99,14,21,2,0.67,1595,2019,4,15,6,11,3,17,10,0,1,70570.3125,195.5475922,1,1,,,,0,,,0
20162,42,21,22,10,0.95,3400,2525,3,14,8,14,7,11,9,191,0,75287.59375,209.6949005,,0,,,,0,35,2,7
20162,51,22,19,11,1.16,3860,2956,7,14,5,20,2,17,17,92,1,70893.26563,188.187027,,0,,,,0,51,2,6
20162,98,16,21,8,0.76,2925,2300,3,15,6,11,6,13,10,0,1,52250.24219,162.7394867,,0,,,,0,66,0,3
20162,572,18,20,7,0.9,4015,1979,3,16,4,14,4,19,19,0,12,61890.53125,170.9968872,,0,,,,0,108,4,2
20163,42,10,7,0,1.43,1100,1050,5,5,1,7,0,8,6,69,0,62348.53125,105.5331039,,3,1,0,0,0,,,0
20163,51,6,7,2,0.86,675,1007,3,4,2,6,0,8,6,55,0,59815.07422,105.7847214,,0,0,0,0,0,,,0
20163,98,2,7,3,0.29,325,511,1,5,1,1,1,6,4,50,0,48045.15625,88.72589111,,1,0,0,0,0,,,0
20163,572,13,4,1,3.25,1820,1370,5,2,1,10,0,9,9,39,0,64124.47656,113.9284439,,1,3,0,0,0,,,0
20164,42,26,28,8,0.93,3275,2978,4,20,7,21,5,24,16,131,25,96561.41406,208.5171204,8,0,,,,0,,,0
20164,51,22,22,3,1,2525,2397,8,16,6,19,3,18,12,118,0,85025.8125,182.65802,5,2,,,,0,,,0
20164,98,23,21,9,1.1,2965,3109,4,16,4,15,7,16,13,0,201,88319.61719,181.4344177,4,1,,,,0,,,0
20164,572,22,23,8,0.96,3120,2663,6,16,7,17,5,22,21,0,1,82583.75781,171.4058533,9,0,,,,0,,,0
20162,66,21,19,7,1.11,3255,2620,5,17,2,16,5,10,10,0,0,59641.64063,173.513092,,0,,,,0,39,3,6
20162,225,18,26,10,0.69,3375,2723,5,16,11,10,8,17,14,79,48,80632.64844,230.4004364,,1,,,,0,50,2,1
20162,268,19,15,9,1.27,3520,2341,4,11,4,14,5,14,14,0,0,61232.42188,168.5701447,,0,,,,0,78,2,0
20162,425,24,17,2,1.41,3550,2252,2,15,2,19,5,9,12,116,0,68199.53125,177.0537415,,0,,,,0,40,2,6
20163,66,7,8,0,0.88,800,1078,3,7,0,4,2,9,4,37,0,54297.30859,96.7011795,,2,1,0,0,0,,,0
20163,225,5,8,2,0.63,525,582,2,5,1,5,0,8,4,84,0,59363.16797,103.3785858,,1,0,0,0,0,,,0
20163,268,7,8,3,0.88,1200,1323,3,6,0,5,2,7,8,28,0,52208.95703,95.25630951,,1,1,1,0,0,,,0
20163,425,6,7,0,0.86,600,629,5,6,0,2,1,8,7,44,0,41777.05859,71.86811829,,1,0,0,0,0,,,0
20164,66,24,20,6,1.2,2980,2733,4,15,5,18,6,16,11,0,1,67406.53906,156.1384277,2,0,,,,0,,,0
20164,225,27,25,5,1.08,3300,3087,5,22,3,19,7,18,14,114,0,94385.92969,198.1423798,4,0,,,,0,,,0
20164,268,21,22,7,0.95,3035,3219,4,16,5,15,6,21,16,0,40,76251.05469,174.467392,4,1,,,,0,,,0
20164,425,21,26,5,0.81,2450,2793,4,19,7,16,5,17,13,123,75,90351.60156,192.7161102,1,0,,,,0,,,0
20177,42,30,22,10,1.36,,3133,0,,,23,7,,,,,,,,0,,,,0,60,8,5
20177,51,26,25,8,1.04,,2892,0,,,16,10,,,,,,,,0,,,,0,8,4,6
20177,98,21,24,10,0.88,,3139,0,,,16,5,,,,,,,,0,,,,0,32,1,3
20177,572,24,17,10,1.41,,2640,0,,,22,2,,,,,,,,0,,,,0,160,3,4
20178,42,15,6,4,2.5,1850,1475,4,3,2,11,1,7,7,71,0,49938.67969,93.18754578,,4,1,1,0,0,,,0
20178,51,6,7,3,0.86,975,1026,2,5,2,4,1,7,8,58,0,45174.21875,85.08951569,,2,2,0,0,0,,,0
20178,98,5,6,0,0.83,555,613,2,3,1,2,2,7,7,26,0,59476.44531,114.9510422,,0,0,0,0,0,,,0
20178,572,8,4,2,2,900,931,3,3,1,6,0,10,10,28,91,50002.47266,101.5806732,,0,0,0,0,0,,,0
20179,42,20,20,4,1,2525,2422,4,15,4,14,6,15,12,75,2,82740.23438,227.8790894,7,2,,,,0,,,0
20179,51,15,21,10,0.71,2075,2417,3,15,6,8,7,16,12,103,6,75928.875,210.0089111,4,0,,,,0,,,0
20179,98,23,14,6,1.64,2865,3055,6,11,3,19,4,13,12,0,30,59867.02734,168.2299194,7,1,,,,0,,,0
20179,572,19,17,6,1.12,2540,2287,4,15,2,12,7,16,17,0,90,64687.09766,181.2748413,10,0,,,,0,,,0
20180,42,28,30,5,0.93,5100,2988,4,19,11,17,11,21,13,95,0,82351.51563,196.496582,,0,,,,0,60,9,7
20180,51,25,35,8,0.71,3915,2412,3,23,12,10,15,30,16,117,1,84704.94531,213.0464172,,0,,,,0,34,5,1
20180,98,27,24,13,1.13,4160,3902,3,16,8,20,7,16,11,0,25,64289.84375,157.250351,,0,,,,0,45,3,6
20180,572,28,25,11,1.12,6005,3278,4,14,11,21,7,20,20,0,205,71060.3125,172.5455017,,0,,,,0,174,11,5
20177,65,25,27,11,0.93,,3247,0,,,14,11,,,,,,,,1,,,,0,74,5,1
20177,264,17,22,9,0.77,,2376,0,,,11,6,,,,,,,,0,,,,0,85,1,4
20177,428,27,26,6,1.04,,3217,0,,,19,8,,,,,,,,0,,,,0,45,9,5
20177,517,19,26,7,0.73,,2551,0,,,14,5,,,,,,,,0,,,,0,35,2,3
20178,65,6,10,2,0.6,650,900,2,7,1,4,2,3,2,54,0,51115.69531,99.02817535,,2,0,0,0,0,,,0
20178,264,2,9,2,0.22,310,541,2,6,2,0,1,9,7,0,0,34897.85938,68.74074554,,1,0,0,0,0,,,0
20178,428,5,8,0,0.63,1100,622,2,6,1,3,1,5,6,61,0,42853.37891,83.03931427,,0,4,0,0,0,,,0
20178,517,10,7,2,1.43,1070,1291,5,4,0,7,2,2,5,34,0,41741.26953,81.11853027,,1,0,0,0,0,,,0
20179,65,25,24,11,1.04,3225,3363,5,17,7,18,7,15,12,81,0,82750.89844,236.4882507,2,2,,,,0,,,0
20179,264,13,13,5,1,2180,1543,4,5,8,12,1,13,8,0,83,55442.10156,158.8964539,13,0,,,,0,,,0
20179,428,13,21,1,0.62,1550,1593,2,16,5,9,4,15,9,87,0,70255,205.8036804,8,0,,,,0,,,0
20179,517,21,19,6,1.11,3010,2629,6,15,4,17,3,5,7,0,0,60550.26953,181.2358093,11,0,,,,0,,,0
20180,65,31,30,10,1.03,4700,3260,7,22,8,18,13,14,10,98,1,87441.60938,210.3171387,,0,,,,0,25,4,5
20180,264,24,23,10,1.04,4960,2522,4,14,9,14,10,14,15,0,31,71521.45313,170.768692,,0,,,,0,101,8,0
20180,428,22,27,15,0.81,4250,2906,4,13,14,17,5,15,10,102,28,73992.78125,176.9684143,,0,,,,0,80,2,6
20180,517,37,28,12,1.32,5680,4428,5,19,9,23,14,9,9,0,51,70170.39063,170.678772,,1,,,,0,53,10,9
20207,42,27,18,7,1.5,4460,2949,7,13,5,22,5,14,14,111,0,68988.71094,179.0067596,,0,,,,0,66,2,4
20207,51,21,25,10,0.84,3115,2295,3,19,6,14,7,21,19,135,2,69504.32813,194.7030182,,0,,,,0,29,3,1
20207,98,27,19,11,1.42,4665,3827,4,9,10,20,7,11,11,0,2,59310.98828,166.8278809,,0,,,,0,69,3,6
20207,572,17,17,11,1,4095,2576,3,10,7,11,6,16,15,0,4,64934.75781,163.168457,,0,,,,0,93,1,3
20208,42,13,6,0,2.17,1350,1552,6,5,0,9,1,10,9,54,0,38239.00781,67.89221954,,5,0,0,0,0,,,0
20208,51,5,8,4,0.63,625,897,4,4,3,4,0,8,4,47,85,34427.15625,63.28068542,,1,0,0,0,0,,,0
20208,98,9,4,4,2.25,1045,1145,5,2,1,7,1,10,10,55,82,50569.59375,92.77583313,,1,0,0,0,0,,,0
20208,572,2,6,4,0.33,545,722,1,5,0,1,0,10,10,2,0,41879.67969,77.25589752,,1,2,0,0,0,,,0
20209,42,34,23,5,1.48,4050,4158,6,18,5,28,6,17,11,143,0,108716.4219,194.5618896,2,1,,,,0,,,0
20209,51,25,23,6,1.09,3200,3142,5,17,6,18,7,19,14,167,44,114223.4141,206.7627106,7,1,,,,0,,,0
20209,98,31,20,4,1.55,3330,3569,7,16,4,26,5,12,7,0,30,93985.78125,172.9128418,4,1,,,,0,,,0
20209,572,21,18,5,1.17,2760,2625,4,15,3,18,3,15,15,0,73,95420.09375,166.1363068,4,0,,,,0,,,0
20207,49,20,19,8,1.05,2830,2229,6,14,5,13,7,17,14,0,182,72090.28906,174.7435455,,0,,,,0,52,1,6
20207,269,18,22,9,0.82,4260,2732,4,15,7,15,3,16,15,0,74,62562.33594,169.5202179,,0,,,,0,93,4,2
20207,429,18,26,8,0.69,3485,2196,3,18,8,10,8,16,16,80,38,75197.32031,210.3771362,,2,,,,0,51,4,4
20207,530,23,25,7,0.92,3815,2633,4,20,5,13,10,9,11,89,1,81184.48438,208.1822968,,0,,,,0,44,0,3
20208,49,7,7,0,1,725,1008,3,3,0,4,0,10,9,68,30,52453.32031,90.52443695,,0,0,0,0,0,,,0
20208,269,4,8,1,0.5,485,722,2,6,1,2,2,10,10,0,133,31004.37891,57.23633957,,0,1,0,0,0,,,0
20208,429,9,6,2,1.5,1385,1208,3,6,0,6,2,9,8,81,0,42635.21484,73.35353088,,2,1,0,0,0,,,0
20208,530,4,8,1,0.5,555,598,2,6,1,4,0,2,4,48,0,27873.11133,46.78725433,,0,1,0,0,0,,,0
20209,49,24,25,3,0.96,3000,2575,3,19,6,18,6,23,15,0,1,117854.3984,217.0110931,5,1,,,,0,,,0
20209,269,15,28,7,0.54,1945,2426,3,24,4,14,1,16,14,0,0,102478.1406,186.5895233,1,0,,,,0,,,0
20209,429,22,29,3,0.76,2775,3090,4,21,8,19,3,13,8,157,78,109870.5313,207.9412231,3,1,,,,0,,,0
20209,530,23,29,5,0.79,2675,3050,6,26,3,15,8,16,8,141,0,113288.4922,214.7931671,1,0,,,,0,,,0
19527,66,21,15,2,1.4,3055,2478,5,12,3,16,5,7,8,0,92,39689.54688,145.1390991,,0,,,,0,58,0,3
19527,225,13,15,3,0.87,2885,1331,3,12,3,8,5,8,5,0,0,39874.74219,148.2008972,,0,,,,0,112,1,5
19527,268,24,10,6,2.4,4110,3014,8,5,5,18,6,6,8,37,1,30179.33594,108.9488831,,0,,,,0,81,1,3
19527,425,22,17,4,1.29,2535,2732,5,12,5,18,4,3,5,48,0,42485.50781,172.5778961,,0,,,,0,6,0,4
19528,66,4,8,6,0.5,800,1366,2,4,3,3,0,10,7,29,33,30140.6543,59.15427399,,1,1,0,0,0,,,0
19528,225,8,8,0,1,900,924,4,7,0,4,2,10,6,8,0,30668.48633,62.08517838,,2,3,0,0,1,,,0
19528,268,16,7,0,2.29,1400,2094,5,3,0,14,0,11,9,106,51,40964.90234,85.68870544,,1,0,0,0,0,,,0
19528,425,6,9,2,0.67,600,652,2,8,1,5,1,8,5,16,1,31858.39453,66.68817902,,0,0,0,0,0,,,0
19529,66,16,25,10,0.64,2625,2540,2,19,6,10,6,18,13,0,31,70922.47656,166.3468018,8,0,,,,0,,,0
19529,225,0,0,0,NaN,0,0,0,0,0,0,0,0,0,0,0,0,0,0,2,,,,0,,,0
19529,268,35,21,8,1.67,4000,3835,5,15,6,28,7,11,10,180,1,73295.91406,164.0003967,0,1,,,,0,,,0
19529,425,0,0,0,NaN,0,0,0,0,0,0,0,0,0,0,0,0,0,0,1,,,,0,,,0
19530,66,14,15,11,0.93,3685,1908,4,8,7,8,6,9,9,0,0,35454.87109,150.778595,,0,,,,0,106,2,2
19530,225,13,15,6,0.87,2240,1697,3,11,4,8,5,10,12,0,1,45534.89844,177.2916107,,0,,,,0,29,3,5
19530,268,30,12,7,2.5,4810,3011,6,6,6,26,4,7,9,54,0,29219.95313,122.9165726,,0,,,,0,92,2,2
19530,425,22,11,4,2,3195,2366,5,7,4,18,4,2,1,73,0,45614.63672,170.8728943,,1,,,,0,43,0,5
19531,66,8,6,1,1.33,725,946,3,2,2,6,1,6,3,30,0,24607.66992,64.42890167,,1,0,0,0,0,,,0
19531,225,1,7,2,0.14,150,232,1,4,2,1,0,7,2,31,0,34890.69141,95.22447968,,0,0,0,0,0,,,0
19531,268,3,7,1,0.43,425,525,2,6,1,3,0,8,2,23,0,32475.62305,95.37506104,,1,1,0,0,0,,,0
19531,425,5,7,3,0.71,525,842,3,3,1,3,1,6,3,61,1,45801.48828,122.1883698,,0,0,0,0,0,,,0
19527,51,12,20,5,0.6,2700,1665,2,17,3,10,2,7,4,63,0,46643.47266,177.5196838,,0,,,,0,70,1,3
19527,112,15,21,7,0.71,2530,1832,4,13,8,10,5,10,9,0,70,39738.19531,164.5948181,,0,,,,0,28,0,2
19527,222,15,20,2,0.75,2185,1808,3,17,3,10,5,8,9,0,30,46202.1875,185.846756,,1,,,,0,36,0,4
19527,266,15,19,2,0.79,1625,1657,4,13,6,11,4,8,4,36,1,46665.84375,189.313736,,0,,,,0,0,0,4
19528,51,6,10,5,0.6,925,1153,2,8,1,6,0,8,7,59,34,36588.66797,80.64447021,,1,0,0,0,0,,,0
19528,112,12,7,2,1.71,925,1637,3,5,1,6,2,10,9,69,1,45638.375,93.06365204,,2,0,0,0,0,,,0
19528,222,6,8,0,0.75,800,707,2,7,0,4,1,11,11,0,38,34495.01953,73.88085938,,1,1,1,0,0,,,0
19528,266,8,9,1,0.89,1100,1057,2,6,1,6,1,10,6,27,2,42017.41016,89.20696259,,3,3,0,0,0,,,0
19529,51,33,25,4,1.32,3975,3509,4,21,4,26,7,13,7,149,0,101072.5703,211.8800354,7,0,,,,0,,,0
19529,112,0,0,0,NaN,0,0,0,0,0,0,0,0,0,0,0,0,0,0,1,,,,0,,,0
19529,222,20,20,7,1,2875,2496,5,17,4,16,4,10,15,0,91,73378.84375,166.7477722,11,0,,,,0,,,0
19529,266,0,0,0,NaN,0,0,0,0,0,0,0,0,0,0,0,0,0,0,0,,,,0,,,0
19530,51,16,20,5,0.8,2745,1901,3,16,4,10,6,3,3,50,0,45345.73047,193.6818237,,0,,,,0,27,3,5
19530,112,16,17,2,0.94,2845,1851,3,15,2,10,6,7,6,0,0,43313.125,181.0362854,,0,,,,0,57,2,3
19530,222,9,21,6,0.43,1790,1263,2,14,7,5,4,4,6,0,0,48482.01563,204.4635925,,0,,,,0,24,2,1
19530,266,12,21,6,0.57,1665,1416,3,15,6,7,5,7,7,22,0,44114.01563,190.1928406,,0,,,,0,19,1,2
19531,51,8,5,0,1.6,700,717,2,5,0,3,3,5,4,43,0,39998.66797,105.8003845,,3,0,0,0,0,,,0
19531,112,7,4,2,1.75,875,854,4,4,0,4,2,8,7,42,0,41166.42188,120.9346313,,3,0,1,0,0,,,0
19531,222,4,5,2,0.8,250,729,3,3,1,2,0,6,7,0,0,37816.01563,113.9097672,,0,0,0,0,0,,,0
19531,266,8,3,1,2.67,1125,1008,3,1,1,6,1,5,6,45,0,47918.01172,137.1889954,,0,2,0,0,0,,,0
19537,54,15,17,6,0.88,4135,1649,3,12,5,11,4,14,14,0,20,49198.15625,143.6802216,,0,,,,0,166,15,2
19537,223,20,26,5,0.77,3480,2273,5,18,8,12,8,9,15,70,0,65228.09766,194.4037018,,0,,,,0,64,10,6
19537,227,32,23,8,1.39,4125,4091,5,15,8,26,6,3,9,0,29,60064.98438,180.4497833,,0,,,,0,15,2,7
19537,430,29,25,5,1.16,4355,3054,4,18,7,18,11,9,13,96,0,65220.88672,205.0853119,,0,,,,0,38,6,8
19538,54,4,6,2,0.67,400,876,2,4,2,2,1,8,7,0,0,25552.83984,54.8543396,,0,0,0,0,0,,,0
19538,223,8,7,0,1.14,1100,952,2,5,1,6,2,8,8,0,0,31362.52539,65.7720871,,1,1,0,0,0,,,0
19538,227,12,7,1,1.71,1050,1393,4,5,0,6,4,4,6,39,0,25187.0918,56.63683701,,2,0,0,0,0,,,0
19538,430,10,6,1,1.67,1400,1383,6,4,1,6,2,7,5,35,0,37095.96094,79.33476257,,0,3,0,0,0,,,0
19539,54,25,18,1,1.39,3025,2956,7,16,2,22,2,14,16,0,89,72026.99219,168.8050995,7,0,,,,0,,,0
19539,223,30,26,2,1.15,3425,3847,4,20,6,24,6,10,13,96,1,76392.42969,185.8899841,3,0,,,,0,,,0
19539,227,11,25,5,0.44,1325,1537,2,19,6,8,3,2,4,0,0,85003.79688,205.3018646,0,1,,,,0,,,0
19539,430,27,31,7,0.87,3350,3991,4,25,6,14,13,9,11,102,0,84780.90625,207.5983276,4,1,,,,0,,,0
19540,54,28,23,7,1.22,3820,3785,4,15,9,19,9,17,16,0,105,59680.65234,164.4468231,,0,,,,0,47,1,7
19540,223,30,27,10,1.11,4870,3157,5,18,9,22,8,14,18,109,1,65877.50781,180.2899017,,0,,,,0,52,5,5
19540,227,30,17,7,1.76,5670,2934,4,9,8,23,7,3,10,0,60,57068.91406,152.0532074,,0,,,,0,138,2,6
19540,430,25,28,13,0.89,4390,3196,4,18,10,19,6,9,14,104,1,66234.875,200.0015259,,0,,,,0,55,1,5
19537,66,22,24,7,0.92,4850,2545,5,19,5,14,8,12,8,0,45,56302.07813,174.9159851,,1,,,,0,140,15,5
19537,225,24,21,4,1.14,4095,2439,3,15,6,16,8,13,9,0,100,57338.94531,174.8170166,,0,,,,0,72,9,3
19537,268,25,22,10,1.14,4025,3315,4,16,6,19,6,12,14,65,0,56623.125,182.5430603,,0,,,,0,50,2,3
19537,425,20,29,11,0.69,2655,3177,5,17,12,14,6,9,4,76,1,64611.23438,212.6080475,,0,,,,0,13,3,7
19538,66,3,9,2,0.33,375,639,2,6,3,2,0,6,7,50,4,26137.19336,55.64292145,,0,1,0,0,0,,,0
19538,225,6,9,1,0.67,775,923,4,8,0,5,0,10,7,23,40,35756.60938,75.99015045,,2,2,0,0,1,,,0
19538,268,6,10,1,0.6,600,921,1,4,3,3,3,10,4,30,13,30853.07227,64.03181458,,1,0,0,0,0,,,0
19538,425,11,6,2,1.83,975,1258,6,2,3,8,1,6,5,38,0,38490.36328,79.19211578,,4,0,0,0,1,,,0
19539,66,25,19,3,1.32,3025,2853,4,14,5,23,2,12,11,0,69,68876.88281,160.6861572,5,0,,,,0,,,0
19539,225,28,21,4,1.33,3075,3438,7,17,4,23,5,15,12,53,2,76624.21094,188.5312042,6,1,,,,0,,,0
19539,268,21,25,9,0.84,2650,3095,3,17,8,17,4,15,16,99,85,70538.39844,174.8386383,2,1,,,,0,,,0
19539,425,26,28,7,0.93,3125,3066,4,20,7,17,9,10,10,123,0,85140.48438,210.5235596,5,0,,,,0,,,0
19540,66,15,31,8,0.48,3015,1925,2,21,10,6,9,7,10,0,72,50690.375,156.9185028,,0,,,,0,54,3,1
19540,225,27,22,6,1.23,4500,3055,3,17,5,18,9,9,12,0,0,52676.94531,162.6008301,,0,,,,0,90,2,6
19540,268,28,32,5,0.88,3390,3064,4,26,6,18,10,12,13,42,86,53571.19141,174.6244049,,1,,,,0,14,1,7
19540,425,25,28,13,0.89,4400,3665,5,19,9,18,8,5,9,138,1,63978.86328,186.7106781,,0,,,,0,20,2,7
19572,44,14,17,2,0.82,2135,1774,2,14,3,10,4,6,6,71,3,45633.19141,211.4099121,,0,,,,0,16,3,5
19572,61,8,17,5,0.47,1625,1323,3,12,5,5,3,6,4,0,30,42691.57813,192.5139771,,0,,,,0,25,3,1
19572,361,12,19,5,0.63,2235,1525,3,16,3,5,7,10,6,52,0,42207.86328,215.8307495,,0,,,,0,31,2,2
19572,426,9,20,6,0.45,1370,1149,2,13,7,5,4,3,3,0,0,41400.27344,194.0681,,0,,,,0,7,4,2
19573,44,7,8,2,0.88,925,1012,2,7,1,5,1,5,8,31,0,39169.74219,71.87287903,,3,2,0,0,0,,,0
19573,61,11,3,1,3.67,1100,1493,10,2,1,9,0,8,10,0,1,42317.24219,86.00326538,,2,0,1,0,0,,,0
19573,361,8,5,1,1.6,950,847,4,3,0,6,1,10,10,41,0,38611.60547,78.90618896,,0,0,1,0,0,,,0
19573,426,6,7,3,0.86,550,906,4,4,2,4,0,9,8,9,0,39494.6875,77.44116974,,1,0,0,0,0,,,0
19574,44,33,33,13,1,4225,4027,4,26,7,19,14,18,21,246,0,105513.8125,223.2982178,3,2,,,,0,,,0
19574,61,25,17,7,1.47,3200,2838,6,10,7,20,5,6,16,0,79,74625.33594,150.9954681,2,0,,,,0,,,0
19574,361,32,23,5,1.39,3825,3249,5,16,7,26,6,16,13,165,0,76632.65625,165.3802185,7,0,,,,0,,,0
19574,426,20,27,7,0.74,2750,2920,4,21,6,15,5,11,15,12,20,81608.35938,172.907196,7,1,,,,0,,,0
19575,44,26,25,6,1.04,3610,2803,6,18,7,19,7,20,20,63,0,73791.875,219.3223877,,0,,,,0,31,3,3
19575,61,19,20,5,0.95,3785,2272,4,13,7,14,5,14,15,0,0,57173.72266,174.5148163,,0,,,,0,101,3,1
19575,361,20,23,7,0.87,3070,2523,5,17,6,17,3,19,15,106,76,56752.34375,189.1428375,,0,,,,0,37,6,6
19575,426,22,18,8,1.22,3975,2550,3,10,8,15,7,11,14,0,1,57945.96875,179.7371826,,0,,,,0,85,5,6
19572,66,13,8,3,1.63,3765,1248,5,3,5,11,2,6,6,0,0,30596.94141,125.4785767,,0,,,,0,180,8,4
19572,225,18,15,7,1.2,3345,2191,5,9,6,12,6,12,6,0,0,37686.60547,171.0976105,,1,,,,0,57,3,0
19572,268,14,10,9,1.4,2485,1715,4,4,6,12,2,7,9,56,0,38712.51953,170.377533,,0,,,,0,37,2,2
19572,425,28,10,1,2.8,3780,2918,6,9,1,20,8,5,2,77,0,36308.76172,180.6739502,,0,,,,0,23,1,4
19573,66,7,8,1,0.88,675,1037,3,5,1,4,1,10,4,30,0,50127.92969,87.62444305,,2,1,0,0,0,,,0
19573,225,4,7,3,0.57,625,845,3,6,1,2,1,10,9,0,0,31114.85156,62.23504639,,0,2,0,0,0,,,0
19573,268,6,9,2,0.67,700,776,3,9,0,4,2,8,9,15,0,27884.70313,61.95951462,,0,0,0,0,0,,,0
19573,425,6,8,0,0.75,600,952,3,4,0,6,0,7,3,37,35,45693.87891,81.06819153,,2,0,0,0,0,,,0
19574,66,22,28,7,0.79,3100,2937,3,20,8,15,7,14,12,0,0,86308.8125,183.4835968,13,0,,,,0,,,0
19574,225,20,28,4,0.71,2875,2445,4,23,5,15,5,21,16,38,0,92548,205.5575714,10,0,,,,0,,,0
19574,268,31,28,8,1.11,3900,3848,6,20,8,23,8,18,19,109,0,85977.28906,181.8434906,7,2,,,,0,,,0
19574,425,27,26,7,1.04,3150,3178,5,17,9,20,7,14,14,149,3,94237.72656,190.5557861,1,0,,,,0,,,0
19575,66,18,20,6,0.9,3165,2257,3,14,6,10,8,13,10,0,101,47929.26953,157.5548553,,0,,,,0,59,4,4
19575,225,19,24,4,0.79,3175,2318,3,20,4,14,5,15,11,0,102,60346.53125,193.7835236,,0,,,,0,51,1,5
19575,268,26,23,6,1.13,3740,3361,5,15,8,21,5,12,15,71,1,55735.05469,180.1517334,,1,,,,0,24,2,3
19575,425,23,20,5,1.15,4890,2497,5,16,4,13,10,11,9,169,2,50693.45313,154.5508423,,0,,,,0,139,9,2
19617,65,30,39,9,0.77,4490,3626,3,31,8,15,15,10,14,0,0,77777.59375,212.3096008,,0,,,,0,54,4,5
19617,264,20,22,8,0.91,3425,2759,3,16,7,14,6,9,10,0,0,60177.17188,156.3717651,,0,,,,0,70,4,2
19617,363,33,27,2,1.22,4940,3420,7,23,4,24,9,13,14,175,0,71339.85156,178.0207062,,0,,,,0,89,3,6
19617,517,22,23,10,0.96,4425,2498,4,14,9,17,5,3,7,57,44,61468.18359,151.9753876,,0,,,,0,95,5,6
19618,65,4,6,3,0.67,500,812,2,3,3,4,0,6,5,5,0,27150.60938,88.65792847,,0,0,0,0,0,,,0
19618,264,9,3,1,3,675,1129,6,3,0,5,1,8,7,0,0,22909.52734,68.25608826,,1,0,0,0,0,,,0
19618,363,8,5,1,1.6,625,724,4,5,0,5,1,5,5,30,0,21201.49023,59.23961258,,2,0,0,0,0,,,0
19618,517,10,5,1,2,1050,1138,6,2,0,7,2,7,4,0,0,26029.47852,75.53704071,,1,1,0,0,0,,,0
19619,65,22,31,13,0.71,3000,3056,4,20,11,15,7,15,15,86,12,108602.125,207.7396851,2,0,,,,0,,,0
19619,264,31,16,8,1.94,4025,3441,6,10,6,27,4,9,8,0,69,88504.66406,148.4604034,8,1,,,,0,,,0
19619,363,31,28,6,1.11,3675,3279,4,20,8,24,7,19,19,169,1,103980.5391,199.0068054,5,3,,,,0,,,0
19619,517,39,29,8,1.34,4350,4177,5,21,8,24,15,5,7,94,43,96334.80469,184.8802032,0,0,,,,0,,,0
19620,65,23,26,10,0.88,3545,2756,4,15,11,20,3,7,12,0,8,66177.3125,201.7618713,,0,,,,0,33,2,6
19620,264,13,20,13,0.65,3290,2314,2,15,5,10,3,14,15,0,74,66649.5,182.6071625,,0,,,,0,80,5,3
19620,363,28,19,5,1.47,3900,2711,8,17,2,24,4,14,11,97,0,62884.07422,177.3212433,,0,,,,0,45,7,6
19620,517,28,20,6,1.4,5090,3223,9,16,4,21,7,3,6,38,34,57456.11719,158.0371399,,1,,,,0,129,1,4
19617,66,30,24,9,1.25,4580,3458,5,15,9,27,3,10,12,0,30,53804.67188,137.1482086,,1,,,,0,73,1,8
19617,225,30,28,10,1.07,4655,3976,5,21,7,20,11,19,20,0,66,64084.17578,172.904068,,0,,,,0,64,10,8
19617,268,19,29,14,0.66,3835,2647,3,18,11,13,6,16,22,73,59,52593.15234,153.8524323,,0,,,,0,91,4,4
19617,425,32,24,7,1.33,4345,3436,4,16,8,24,8,10,3,302,1,72508.75,177.5528259,,0,,,,0,37,2,8
19618,66,7,7,0,1,600,1148,4,5,0,5,1,5,5,0,0,20405.75977,63.6942215,,3,0,0,0,0,,,0
19618,225,3,9,2,0.33,450,325,2,6,1,3,0,8,8,0,70,27913.68555,85.03755188,,1,1,0,0,0,,,0
19618,268,5,7,2,0.71,550,1040,2,4,2,3,1,9,7,41,4,25811.20703,74.38140869,,0,0,0,0,0,,,0
19618,425,4,8,1,0.5,375,590,3,6,1,2,1,4,2,26,0,23814.19531,69.91298676,,1,0,0,0,0,,,0
19619,66,19,29,8,0.66,2450,2690,4,23,6,16,3,11,9,0,1,96534.54688,195.8636932,4,0,,,,0,,,0
19619,225,23,33,9,0.7,3275,3422,4,22,11,14,9,19,20,0,10,98201.98438,195.2167816,9,0,,,,0,,,0
19619,268,34,30,12,1.13,4150,3798,4,23,7,21,13,14,15,192,2,106965.2344,204.2240295,4,1,,,,0,,,0
19619,425,28,31,9,0.9,3325,3556,4,22,9,20,8,15,5,214,1,105855.0625,201.8313751,0,0,,,,0,,,0
19620,66,19,23,6,0.83,4065,2368,4,16,7,13,6,8,5,0,66,50802.41797,162.8583069,,0,,,,0,144,4,2
19620,225,18,26,6,0.69,3050,2812,4,23,3,12,6,16,10,0,35,63228.97266,190.5175171,,0,,,,0,45,3,4
19620,268,24,20,5,1.2,3780,3151,5,16,4,18,6,6,11,71,0,52134.34375,159.0527039,,0,,,,0,68,3,8
19620,425,24,23,2,1.04,2785,2642,6,20,3,20,4,7,7,105,1,66480.58594,199.9124908,,0,,,,0,21,8,5
20097,65,29,21,7,1.38,4635,3057,7,13,8,27,2,14,12,116,1,75588.46875,196.6826477,,0,,,,0,56,6,7
20097,264,27,18,13,1.5,5295,2909,5,10,8,20,7,12,11,0,30,51561.89453,155.2334137,,0,,,,0,118,8,5
20097,428,19,22,10,0.86,4510,2513,4,13,9,15,4,13,10,120,0,61202.53125,173.016098,,0,,,,0,96,2,4
20097,517,28,20,10,1.4,4725,3567,3,15,5,19,9,5,9,0,0,58643.08594,172.709549,,0,,,,0,72,12,4
20098,65,6,8,0,0.75,600,631,2,6,2,2,3,4,3,37,0,33137.53516,81.65294647,,2,0,0,0,0,,,0
20098,264,7,5,1,1.4,1055,1068,4,3,0,5,1,6,8,0,20,38379.92578,97.40550232,,1,0,1,0,0,,,0
20098,428,5,8,0,0.63,900,739,2,6,1,2,2,5,8,27,12,30811.62695,76.06758881,,0,2,0,0,0,,,0
20098,517,9,5,1,1.8,900,1176,3,4,0,6,1,2,3,21,0,39650.83203,98.27835846,,0,0,0,0,0,,,0
20099,65,23,21,6,1.1,2625,2339,3,12,9,15,8,19,16,67,28,81142.75,223.6408386,4,1,,,,0,,,0
20099,264,18,14,7,1.29,2605,1891,3,8,6,14,4,14,11,0,91,61396.72266,177.4915924,7,0,,,,0,,,0
20099,428,16,18,8,0.89,2375,2078,3,12,6,12,4,16,9,56,0,70459.60938,205.1160431,7,0,,,,0,,,0
20099,517,27,18,13,1.5,3775,3632,4,13,5,17,9,9,8,0,69,67647.22656,185.7931824,1,1,,,,0,,,0
20097,66,18,26,9,0.69,3290,2673,3,22,4,10,8,16,10,0,48,58164.63281,187.5620575,,1,,,,0,53,9,4
20097,225,19,26,10,0.73,3170,2597,5,19,7,12,7,9,10,75,0,68716.35156,201.1985931,,0,,,,0,27,8,4
20097,268,21,25,4,0.84,3590,2805,4,20,5,15,6,18,17,0,62,57985.94922,181.1136322,,0,,,,0,56,8,2
20097,425,23,26,7,0.88,4010,2535,3,20,6,14,9,11,6,71,0,62715.94141,184.7917786,,0,,,,0,61,6,2
20098,66,9,7,1,1.29,900,1183,3,5,1,8,1,8,6,49,0,36104.61719,94.98116302,,3,0,0,0,0,,,0
20098,225,4,7,3,0.57,900,771,2,3,3,3,0,7,6,41,0,43897.67188,105.3059158,,0,3,0,0,0,,,0
20098,268,4,7,1,0.57,455,957,2,3,1,3,1,6,8,0,30,42935.60547,108.9562149,,2,0,0,0,0,,,0
20098,425,9,6,1,1.5,975,966,5,4,2,5,1,5,5,71,0,44533.34766,107.4039307,,1,0,0,0,0,,,0
20099,66,18,20,7,0.9,2265,2238,2,14,6,13,5,11,11,0,28,57085.39844,175.0126953,0,0,,,,0,,,0
20099,225,17,22,4,0.77,2050,1925,2,17,5,12,5,16,11,44,0,68599.94531,206.6803589,3,0,,,,0,,,0
20099,268,15,20,9,0.75,2150,2225,2,12,7,8,7,17,18,0,97,67502.10156,197.1326294,2,0,,,,0,,,0
20099,425,21,22,6,0.95,2400,2716,3,15,7,12,9,17,9,91,1,68512.42188,197.7015686,1,1,,,,0,,,0
20182,223,20,26,5,0.77,3280,2309,3,16,10,15,5,12,17,120,0,86036.25,221.7473297,,0,,,,0,18,5,3
20182,227,17,21,7,0.81,3085,2189,3,13,8,14,3,18,13,0,3,69757.65625,179.7398376,,1,,,,0,48,6,0
20182,528,23,18,9,1.28,3935,2864,7,14,4,19,4,17,14,0,1,61868.10156,161.4548492,,0,,,,0,86,4,5
20182,576,28,25,5,1.12,4640,3237,5,21,4,16,12,18,21,120,1,74625.10938,194.6998901,,0,,,,0,84,2,6
20183,223,9,11,2,0.82,925,1188,2,9,2,7,2,6,11,57,0,48837.32422,94.12162781,,3,0,0,0,0,,,0
20183,227,6,8,3,0.75,850,1404,3,3,2,3,2,8,5,35,0,61386.45703,118.9320602,,1,1,0,0,0,,,0
20183,528,7,7,2,1,850,947,4,4,1,5,0,9,9,37,10,51301.32422,100.6148148,,1,1,0,0,0,,,0
20183,576,6,10,0,0.6,800,652,2,8,0,5,0,8,6,52,0,54416.94141,101.6040878,,1,0,1,1,0,,,0
20184,223,20,20,7,1,2675,2653,4,14,6,14,6,13,7,108,1,81658.85938,214.1526489,2,2,,,,0,,,0
20184,227,22,13,4,1.69,2645,2897,7,10,3,21,1,14,12,0,10,59183.33203,155.9881287,7,0,,,,0,,,0
20184,528,29,13,5,2.23,3275,3031,10,9,4,25,4,13,8,0,35,60955.25,160.0822144,1,0,,,,0,,,0
20184,576,16,17,5,0.94,1975,2058,3,12,5,12,4,11,12,122,0,72001.22656,186.3308411,2,0,,,,0,,,0
20185,223,19,29,8,0.66,3385,2434,3,20,9,14,6,15,15,89,2,66485.73438,193.7449036,,0,,,,0,46,5,6
20185,227,25,16,9,1.56,3870,3223,5,14,2,23,2,11,12,0,30,52478.91797,144.292038,,0,,,,0,49,6,6
20185,528,25,23,7,1.09,4305,2862,7,17,6,18,7,19,13,0,0,65208.73047,184.6921234,,1,,,,0,80,0,6
20185,576,22,24,8,0.92,3745,2781,4,17,7,15,7,16,18,103,20,59279.32422,165.8497772,,0,,,,0,67,8,5
20182,66,20,21,10,0.95,4205,3012,4,14,7,17,3,9,12,0,61,58318.35156,162.2857208,,0,,,,0,93,6,7
20182,225,21,24,6,0.88,4255,2361,3,15,9,11,10,22,10,71,2,73632.25,189.6634369,,0,,,,0,88,4,7
20182,268,29,22,3,1.32,4000,3280,6,19,3,21,8,15,16,0,31,60485.05078,181.7874146,,0,,,,0,37,6,7
20182,425,20,21,7,0.95,3470,2698,5,16,5,15,5,11,15,98,0,66719.17188,181.9592285,,0,,,,0,42,0,3
20183,66,6,6,1,1,850,730,3,6,0,4,1,8,5,8,0,49317.20313,89.68424225,,0,0,0,0,0,,,0
20183,225,10,7,4,1.43,1345,1150,6,5,2,6,2,9,6,31,0,55889.21875,106.2463379,,1,2,0,0,1,,,0
20183,268,11,6,1,1.83,1200,1600,6,4,0,8,1,8,8,48,70,49129.22656,95.72395325,,1,1,0,0,0,,,0
20183,425,9,9,3,1,1050,1222,2,5,2,6,1,8,7,79,0,57096.26953,104.6229172,,3,0,0,0,0,,,0
20184,66,18,18,6,1,2165,2620,4,14,4,14,4,10,11,0,75,67663.97656,177.3012848,3,0,,,,0,,,0
20184,225,20,24,2,0.83,2325,2218,3,19,5,12,8,12,10,84,1,77039.55469,210.7304688,2,2,,,,0,,,0
20184,268,13,26,6,0.5,1930,2206,3,23,3,10,3,16,15,0,0,61891.80469,179.7649689,3,0,,,,0,,,0
20184,425,12,19,10,0.63,1650,1893,3,16,3,9,3,14,8,75,0,66689.49219,175.4462585,1,0,,,,0,,,0
20185,66,21,22,6,0.95,3695,2653,5,18,5,14,7,13,16,0,0,57678.54688,174.8192139,,0,,,,0,78,6,4
20185,225,22,25,8,0.88,4095,2824,4,18,7,14,8,15,13,126,0,59404.71484,177.0848999,,0,,,,0,77,10,4
20185,268,19,26,10,0.73,3340,3284,4,19,7,16,3,17,20,0,0,45143.67188,150.8592529,,0,,,,0,49,3,5
20185,425,30,18,4,1.67,4530,3156,5,15,3,24,6,14,16,243,1,54759.43359,150.4334259,,0,,,,0,88,1,5
20202,66,16,24,6,0.67,3370,2220,2,18,6,10,6,11,14,0,122,52877.11328,153.9390259,,0,,,,0,84,2,3
20202,225,20,30,6,0.67,3655,2607,3,23,7,8,12,9,13,56,100,62210.96094,175.8486633,,0,,,,0,73,1,2
20202,268,23,27,5,0.85,3690,2341,3,22,5,10,13,16,17,0,84,65254.51172,176.9874725,,0,,,,0,36,2,2
20202,425,29,26,6,1.12,3895,3266,4,21,5,23,6,11,8,106,2,64394.16797,171.5603943,,0,,,,0,22,4,5
20203,66,10,7,4,1.43,1100,860,4,6,0,6,1,11,7,0,0,37101.27734,74.57566071,,1,0,0,0,0,,,0
20203,225,10,9,4,1.11,1495,1345,5,3,4,6,3,9,8,14,0,48235.82813,95.72252655,,1,3,0,0,0,,,0
20203,268,5,7,2,0.71,720,1200,3,4,1,3,1,8,11,0,19,40702.05859,79.73986053,,1,0,1,0,0,,,0
20203,425,5,10,2,0.5,650,909,1,7,2,4,1,9,7,57,0,48995.80859,92.65154266,,2,1,0,0,0,,,0
20204,66,17,13,4,1.31,2035,2081,7,9,4,15,2,10,11,0,60,50157.57031,162.8765717,4,0,,,,0,,,0
20204,225,25,18,6,1.39,3100,2839,5,15,3,21,4,16,9,101,1,79978.4375,231.5197449,3,1,,,,0,,,0
20204,268,14,15,5,0.93,2095,2248,2,12,3,14,0,13,16,0,1,67757.64063,191.6089325,2,0,,,,0,,,0
20204,425,20,15,4,1.33,2275,2478,5,12,3,15,5,10,11,88,0,76470.65625,219.2017822,1,0,,,,0,,,0
20205,66,19,26,8,0.73,3850,2880,3,21,5,13,6,7,12,0,0,55090.85156,175.3666077,,0,,,,0,74,6,4
20205,225,18,27,6,0.67,3760,2315,3,20,7,11,7,8,6,91,0,71927.61719,206.6332245,,0,,,,0,76,6,0
20205,268,22,23,5,0.96,3800,2809,5,19,4,15,7,13,20,0,71,62820.73438,176.536972,,0,,,,0,69,8,3
20205,425,17,23,9,0.74,2810,2302,3,17,6,14,3,11,8,81,0,57216.08594,170.8667603,,0,,,,0,31,10,2
20202,46,21,19,14,1.11,4530,2954,3,11,8,18,3,13,13,0,1,64437.19141,161.5376892,,0,,,,0,92,3,4
20202,64,28,20,8,1.4,4370,3276,6,11,9,24,4,17,17,0,30,58330.89453,157.3526611,,0,,,,0,61,0,7
20202,97,28,27,9,1.04,4685,3168,4,15,12,22,6,20,17,76,57,63122.26563,171.0260468,,0,,,,0,66,1,4
20202,363,30,22,5,1.36,4555,3112,5,14,8,20,10,14,18,97,31,65287.18359,167.8799744,,1,,,,0,58,8,4
20203,46,8,8,5,1,1015,1208,4,6,2,5,3,10,7,0,43,40896.70703,79.3045578,,3,0,0,0,0,,,0
20203,64,3,9,4,0.33,505,904,2,9,0,2,1,8,10,4,0,43331.10156,84.77780151,,0,0,0,0,0,,,0
20203,97,11,7,2,1.57,1270,1451,5,3,2,7,2,10,11,16,10,49069.95313,98.25445557,,0,1,0,0,0,,,0
20203,363,11,6,2,1.83,1560,1514,6,1,2,6,1,9,10,60,0,58072.08594,116.537178,,3,2,1,0,0,,,0
20204,46,12,21,7,0.57,1820,1817,3,18,3,8,4,15,9,0,0,70211.19531,208.0972443,4,1,,,,0,,,0
20204,64,19,15,3,1.27,2085,2315,5,11,4,16,3,11,8,0,2,68196.46094,194.818161,4,0,,,,0,,,0
20204,97,17,18,7,0.94,2125,2134,4,16,2,12,5,11,11,76,31,73291.45313,215.9792175,6,1,,,,0,,,0
20204,363,13,22,5,0.59,1675,1726,4,20,2,12,1,9,8,69,0,75137.75,230.9454651,1,1,,,,0,,,0
20205,46,25,23,11,1.09,4310,3747,5,17,6,17,8,12,11,0,34,63847.44141,183.5440521,,0,,,,0,73,4,5
20205,64,19,15,11,1.27,4935,2491,3,10,5,15,4,15,13,0,70,59605.10547,147.0377045,,0,,,,0,131,14,4
20205,97,22,22,9,1,3620,2944,5,14,8,18,4,17,14,104,32,65825.78906,179.0286407,,0,,,,0,52,9,5
20205,363,33,16,6,2.06,4870,3233,6,12,4,27,6,11,10,133,0,69274.13281,170.7328186,,1,,,,0,57,8,7
